UUID Dataset;Title Dataset;DOI Dataset;Date made available;UUID Research output;Title Research output;DOIs (Digital Object Identifiers) Research output;Type Research output
3e4d643d-ec31-4f07-8b4a-7dd0a9dcd928;Battery temperature, pressure and light intensity readings from smartphones in the Amsterdam metropolitan area;10.4121/uuid:fac26fae-7003-4540-9823-ad6a2035c184;25 Nov 2019;e287540d-21e7-42de-be3f-8fe86cc17620;Hydrometeorological monitoring using opportunistic sensing networks in the Amsterdam metropolitan area;10.1175/BAMS-D-19-0091.1;Article
55133e8b-3de1-423b-b5ce-fb0221fe85d9;Data from a survey of sensor technologies for food intake measurement;10.4121/uuid:f7de7051-3994-4b04-8047-ae036623a965;30 Jan 2020;3b58c46c-b50b-4f99-b3e5-f20ab4a502d6;KB DDHT project 8: Non-destructive and non-invasive sensor technologies in food supply chains : project deliverables 1.1-1.4;10.18174/513795;Report
06608695-868c-4168-96f5-6bd43159a29e;Data from: Differential immunomodulation of porcine bone marrow derived dendritic cells by E. coli Nissle 1917 and β-glucans;10.4121/uuid:f27e43c4-ab38-41a2-be4d-c0753855b508;28 May 2020;2ccd3255-005b-41b8-9c61-a80a4a79f0c2;Differential immunomodulation of porcine bone marrow derived dendritic cells by E. coli Nissle 1917 and β-glucans;10.1371/journal.pone.0233773;Article
bc6180d0-dab0-4ecb-b74d-342467e90de0;Inferring an animal's environment through biologging: quantifying the environmental contribution to animal movement;10.4121/uuid:e552fe57-ab4f-4e31-83e3-82e1cbc06a70;14 May 2020;faeaabc3-ad19-4fc9-adcb-770f6ea25ae2;Inferring an animal’s environment through biologging;10.1186/s40462-020-00228-4;Article
296b73dd-8844-43d2-8255-19a966b42a0f;Autonomous Greenhouse Challenge, First Edition (2018);10.4121/uuid:e4987a7b-04dd-4c89-9b18-883aad30ba9a;29 Mar 2019;;;;
9bbdf026-7a0f-444b-bab2-b5e07ecbca0e;Measurement uncertainties in quantifying aeolian mass flux: evidence from wind tunnel and field site data;10.4121/uuid:e1c16aac-02e2-4ec9-b2aa-b171cb034293;26 May 2014;775bbf51-f967-4f31-91d3-4d6703cb530d;Measurement uncertainties in quantifying aeolian mass flux: evidence from wind tunnel and field site data;10.7717/peerj.454;Article
9bbdf026-7a0f-444b-bab2-b5e07ecbca0e;Measurement uncertainties in quantifying aeolian mass flux: evidence from wind tunnel and field site data;10.4121/uuid:e1c16aac-02e2-4ec9-b2aa-b171cb034293;26 May 2014;de72fe37-0c41-4164-ba72-67b3a0ae7835;Wind erosion modelling in a Sahelian environment;10.1016/j.envsoft.2003.12.010;Article
9bbdf026-7a0f-444b-bab2-b5e07ecbca0e;Measurement uncertainties in quantifying aeolian mass flux: evidence from wind tunnel and field site data;10.4121/uuid:e1c16aac-02e2-4ec9-b2aa-b171cb034293;26 May 2014;8410f342-528e-47c4-923e-77bafa689e3b;Beach sand dynamics : measurements, models and scales;10.18174/362874;internal PhD, WU
d25735d1-783f-4821-b3b9-7b45a6bb3762;Effects of β-Glucans and resistant starch on fermentation of recalcitrant fibers in growing pigs;10.4121/uuid:e0ef1135-879d-4462-954b-35972dd9fa0e;30 Nov 2017;91ab1773-b91b-4d1b-8a4c-96abab93f218;β-Glucans and Resistant Starch Alter the Fermentation of Recalcitrant Fibers in Growing Pigs;10.1371/journal.pone.0167624;Article
9565b733-880b-4a00-953e-522e0bde5441;Gridded Hourly Temperature, Radiation and Makkink Potential Evaporation forcing for hydrological modelling in the Rhine basin;10.4121/uuid:e036030f-c73b-4e7b-9bd4-eebc899b5a13;21 Aug 2018;;;;
15706de8-e4bc-4136-aaee-34bcf9892554;Linking the morphology and ecology of subtidal soft-bottom marine benthic habitats: A novel multiscale approach. Brown Bank 2017 - Biological and geomorphological data;10.4121/uuid:d6e39e06-b353-437f-b5bc-5812d1c35e2e;24 Mar 2020;bd28a72b-3619-4f41-af9b-3dae26501edd;Linking the morphology and ecology of subtidal soft-bottom marine benthic habitats: A novel multiscale approach;10.1016/j.ecss.2020.106687;Article
ec14887b-119f-45e6-a3fc-85213e6f8ca5;Enhancing agroecosystem productivity with woody perennials in semi-arid West Africa: a meta-analysis;10.4121/uuid:d60d11d6-cd5f-47b4-a5ad-4a4a97d41501;12 Dec 2018;aeeeb4b0-e1e5-47cd-9f9b-0e48ee5c9c5d;Enhancing agroecosystem productivity with woody perennials in semi-arid West Africa. A meta-analysis;10.1007/s13593-018-0533-3;Article
003189d0-61bb-4871-bc10-45db56e481c8;Data from: Anthropogenic drivers for the rapid formation of extremely large meanders during the Late Holocene;10.4121/uuid:c9c892de-4f3f-4c1b-b684-17c700b02f31;20 Oct 2020;49fee546-9e8a-469d-97c2-7c1a9f7201c9;Anthropogenic drivers for exceptionally large meander formation during the Late Holocene;10.1016/j.ancene.2020.100263;Article
56e7bf73-6557-4335-ae3c-d95863c9cdd3;Data underlying the research on salt marsh seed retention, the seed bank and seed viability;10.4121/uuid:c877d345-7d6f-45ae-a442-21e07f5d1fa3;24 Oct 2019;c4309c74-845c-4dfa-be29-8614d29ac33a;Limited seed retention during winter inhibits vegetation establishment in spring, affecting lateral marsh expansion capacity;10.1002/ece3.5781;Article
e18ae0f4-b23a-4fb7-aa55-c7d7e8f1b8d0;Gridded precipitation dataset for the Rhine basin made with the genRE interpolation method;10.4121/uuid:c875b385-ef6d-45a5-a6d3-d5fe5e3f525d;13 Sep 2017;85103826-2aa6-439f-a6f2-0965409d9dcc;genRE: A Method to Extend Gridded Precipitation Climatology Data Sets in Near Real-Time for Hydrological Forecasting Purposes;10.1002/2017WR021201;Article
59e5c2a0-221f-4e38-9482-ab452393d604;Data presented in the paper: “Mussel seed is highly plastic to settling conditions: the influence of waves vs. tidal emergence”;10.4121/uuid:c4f6ec3b-f810-44b9-8acb-d7c8e71f7d86;22 Jul 2019;a807cfc5-a06d-4780-a208-6560ee5d882c;Mussel seed is highly plastic to settling conditions: the influence of waves versus tidal emergence;10.3354/meps13039;Article
50d6d54a-6589-4e36-a4a6-249cbc765cfd;Extra documentation for Datasets used for the study: An evaluation of the importance of spatial resolution in a global climate and hydrological model based on the Rhine and Mississippi basin;10.4121/uuid:c3b6e367-8215-4640-81d2-9f74994e65f4;1 Feb 2018;;;;
c765ddd2-2979-496a-ba88-182ae5775fd6;Data from: Bacterial communities in lait caillé, a traditional product of spontaneous fermentation from Senegal;10.4121/uuid:c13de47a-8124-4a37-b1b3-fe9dd0f9e6b8;25 Apr 2019;fe8f717e-44df-40d9-98d0-c395490fbc59;Bacterial community dynamics in lait caillé, a traditional product of spontaneous fermentation from Senegal;10.1371/journal.pone.0215658;Article
c61a8bfd-20f3-42c0-8fa3-7531577cf711;"Field data of ""Monitoring forest phenology and leaf area index with the autonomous, low-cost transmittance sensor PASTiS-57""";10.4121/uuid:c12affd8-779c-47e4-a93c-ea0afb939237;24 Feb 2020;dc956722-1b61-4cdb-babd-fb390f2479fe;Monitoring Forest Phenology and Leaf Area Index with the Autonomous, Low-Cost Transmittance Sensor PASTiS-57;10.3390/rs10071032;Article
ac6570be-ba9e-4b55-9917-36b59cdcee4b;Improving the precision and accuracy of animal population estimates with aerial image object detection;10.4121/uuid:ba99a206-3e5a-4673-b830-b5c866445b8c;20 May 2019;b0b81bd8-ac4d-4dbd-86db-f8a04294c7cf;Improving the precision and accuracy of animal population estimates with aerial image object detection;10.1111/2041-210X.13277;Article
30f0eba6-2726-464f-acb6-a6d45f564974;Data underlying the research of Geochemical multisurface modeling of reactive zinc speciation in compost as influenced by extraction conditions;10.4121/uuid:ba8eb9bb-ed0b-475b-a681-960ef77e93db;6 Feb 2020;14e4832b-0f2c-4a2b-bf79-b8c68192ec55;Geochemical Multisurface Modeling of Reactive Zinc Speciation in Compost as Influenced by Extraction Conditions;10.1021/acs.est.9b04104;Article
df0b716c-2167-49f4-ab28-2e7cb66e5dbf;Data from a survey of non-invasive sensors for monitoring animal welfare;10.4121/uuid:b716f540-397f-4f45-8059-00e2ef4a7967;30 Jan 2020;3b58c46c-b50b-4f99-b3e5-f20ab4a502d6;KB DDHT project 8: Non-destructive and non-invasive sensor technologies in food supply chains : project deliverables 1.1-1.4;10.18174/513795;Report
e6cb443d-1eb4-4176-beb3-db0eb550487a;Transcriptomics datasets for Clostridium autoethanogenum grown on CO in different environmental conditions;10.4121/uuid:b6bd64a9-5bdb-4655-9829-520aa4600987;25 Jan 2019;ce6cb8d4-7775-4a4e-a570-0413132bf8e0;Exploration of microbial systems as biocatalysts for conversion of synthesis gas to bio-based chemicals;10.18174/466065;internal PhD, WU
b8479cef-71b0-407f-8a32-3e27423503f2;Regional soil moisture monitoring network in the Raam catchment in the Netherlands - 2018-04 / 2019-04;10.4121/uuid:b68e3971-c73e-4d7f-b52f-9ef7d7fe1ed2;17 Feb 2020;3dd01378-0c03-401e-ab81-321bda06ddcf;The Raam regional soil moisture monitoring network in the Netherlands;10.5194/essd-10-61-2018;Article
2702669a-92be-428d-9376-8c833ded2848;Forecasted freezing level height from the numerical weather prediction model HARMONIE-AROME;10.4121/uuid:b5ad2400-e7b3-43f8-8b82-ddde877ff3ee;27 May 2020;513d4bbb-dfb3-4250-8832-e26b871af344;Rainfall-induced attenuation correction for two operational dual-polarization C-band radars in the Netherlands;10.1175/JTECH-D-20-0113.1;Article
19e45bc3-01f2-462d-889e-40debefc2b82;Data from: Quantitative visual soil examination to evaluate soil functions on dairy farms;10.4121/uuid:b3b1ccce-0d53-43b0-9802-ae99f72154ee;2 Jul 2020;;;;
8ebfdf57-708a-4a6c-b147-e4acde2012d1;Neutrophils and macrophage cell count in the gut area of zebrafish larvae treated with antibiotics or saponin or a combination of treatments;10.4121/uuid:b1fd24b6-d1ec-4088-a485-1e9b48d6130b;2 Dec 2019;d6d3e3d7-f00e-46bc-b5ca-b3d24d23eaa5;Exposure to Antibiotics Affects Saponin Immersion-Induced Immune Stimulation and Shift in Microbial Composition in Zebrafish Larvae;10.3389/fmicb.2018.02588;Article
4845fa77-e72e-4566-be35-1c0f64ebd767;Data underlying the publication: Potato Virus Y Detection in Seed Potatoes Using Deep Learning on Hyperspectral Images;10.4121/uuid:b1f7853c-f52b-4f33-bb06-a6539c7a45a4;16 Jun 2020;b9b1481e-4639-4000-81c8-ee00bc775074;Potato Virus Y Detection in Seed Potatoes Using Deep Learning on Hyperspectral Images;10.3389/fpls.2019.00209;Article
7c38cbae-6584-4672-901a-cb94fa24c23c;Data underlying “Multi-Scale monitoring and modelling of the Kapuas River Delta”;10.4121/uuid:b163813a-a893-47ae-b4db-a2c7eeb06596;4 Jun 2019;fccf5c03-8b3d-4a01-bbe8-b3ac02103524;Multi-scale monitoring and modelling of the Kapuas River Delta;10.18174/468716;internal PhD, WU
c19f7694-1eff-4edd-951d-c8e417defd41;Modeling the biogeomorphic evolution of coastal dunes in response to climate change;10.4121/uuid:b015b1bf-d7dd-4f8c-aa22-d97c9f3d84b9;15 Jun 2016;eaff9a86-c695-4a3a-ad9d-af4a3e0322fd;Modeling the biogeomorphic evolutions of coastal dunes in response to climate change;10.1002/2015JF003815;Article
9380c9bf-c368-4fc3-86a5-0f1823a9c433;Tomato plant spider mite damage images;10.4121/uuid:a85de29f-ee38-4af4-a6c0-6107e42c5cef;7 Mar 2019;;;;
b3521471-e74d-4ad9-8829-d5972eb95820;Long-term trends in nutrient budgets of the western Dutch Wadden Sea (1976 - 2012);10.4121/uuid:a7859369-e2c5-4070-bbbf-44611f468b2e;9 Feb 2017;29060b7d-24ac-4386-9e95-f41043cd5c6b;Long-term trends in nutrient budgets of the western Dutch Wadden Sea (1976–2012);10.1016/j.seares.2017.02.007;Article
1a9c82f7-b909-4a68-8399-d45dc7249254;Cone index and surface soil moisture measurements in selected agricultural fields within the Raam and Twente soil moisture monitoring networks;10.4121/uuid:a451a8b6-b9f1-4cb5-b390-92778e7466f5;5 Mar 2019;;;;
36c97386-f3d9-417d-9c73-e46b7fdcaaa9;Replication Data for: Effect of non-migrating bars on dune dynamics in a lowland river;10.4121/uuid:a3901927-c3e6-47cf-9baa-b16033a09ff5;6 Feb 2020;a7325c54-a329-42a0-b9bf-6a2b2618d06a;Effect of non‐migrating bars on dune dynamics in a lowland river;10.1002/esp.4807;Article
202214f8-5030-4786-91cc-2b69fdf9b8da;Replication Data for: Diversion of flow and sediment towards a side channel separated from a river by a longitudinal training dam;10.4121/uuid:a2b6bb99-b984-4d30-bbb8-bacd80f251ad;12 May 2020;796539bc-b5d3-45d1-aa91-ccb880690914;Diversion of flow and sediment towards a side channel separated from a river by a longitudinal training dam;10.1029/2019WR026750;Article
300deb7f-da34-4c06-b35b-04a8daeb5e5d;"Data presented in the paper ""Timing it right: Non-consumptive effects on prey recruitment magnify overtime""";10.4121/uuid:a0137272-c16f-4e07-afd2-ae7689993f2f;16 May 2019;d41aad2d-0c68-43fe-b27d-c19703a18419;Timing it right: Non-consumptive effects on prey recruitment magnify overtime;10.1016/j.jembe.2019.03.001;Article
f0ba0216-4214-4a0c-a180-67f5a8b435e8;Large eddy simulation output from DALES with 3D and 1D radiative transfer;10.4121/uuid:9fe6924d-09ba-4163-899a-9e2f6d981a0b;20 Dec 2019;;;;
1cb54dfb-1134-4d01-b295-b8fb034f11dc;Greenhouse data experiment drip irrigation 2016;10.4121/uuid:9fcee6cb-2914-4934-b16f-f138e9338e9e;4 Jun 2020;4ee719ee-63f2-4a7e-8103-7b1ef03c053b;Testing of the Greenhouse Emission Model for application of plant protection products via drip irrigation in soilless cultivation;10.18174/522831;Report
87aeef17-ba6d-49a1-bea2-95e2e3be9f16;Wind measurements at the Sand Motor;10.4121/uuid:9be24dd5-bdc4-42bb-9d69-0f68cbf57064;20 Jan 2017;;;;
3ff7b0ce-2e46-4975-bda5-51f258951fc7;Profile hidden Markov models trained on aligned KEGG Orthology sequences for enzyme annotation;10.4121/uuid:9b6e6aa0-b815-409f-9e96-04828b03290b;7 Oct 2019;fbd690bf-7207-4739-b14f-5038edc3b782;The genome of Peronospora belbahrii reveals high heterozygosity, a low number of canonical effectors and CT-rich promoters;10.1101/721027;Preprint
7a4ec785-9a81-43a7-88eb-853f5300be47;"Data presented in the PhD thesis ""Cucumber Mildew Resistance Identification of Cucumber Genes Involved in Susceptibility and Resistance to Powdery and Downy Mildew""";10.4121/uuid:9b31358d-b8da-449a-8ae8-0fea922bc186;14 Aug 2019;f0add1be-6e4d-4caf-9522-e25bd61551f8;Cucumber mildew resistance: identification of cucumber genes involved in susceptibility and resistance to powdery and downy mildew;10.18174/497042;internal PhD, WU
7a4ec785-9a81-43a7-88eb-853f5300be47;"Data presented in the PhD thesis ""Cucumber Mildew Resistance Identification of Cucumber Genes Involved in Susceptibility and Resistance to Powdery and Downy Mildew""";10.4121/uuid:9b31358d-b8da-449a-8ae8-0fea922bc186;14 Aug 2019;8f0e2cdb-3388-4065-8e73-d0bf28447106;Functional characterization of cucumber (Cucumis sativus L.) Clade V MLO genes;10.1186/s12870-017-1029-z;Article
7a4ec785-9a81-43a7-88eb-853f5300be47;"Data presented in the PhD thesis ""Cucumber Mildew Resistance Identification of Cucumber Genes Involved in Susceptibility and Resistance to Powdery and Downy Mildew""";10.4121/uuid:9b31358d-b8da-449a-8ae8-0fea922bc186;14 Aug 2019;3233b2de-4a2e-463b-bb68-fb2eccceda3b;A transposable element insertion in the susceptibility gene CsaMLO8 results in hypocotyl resistance to powdery mildew in cucumber;10.1186/s12870-015-0635-x;Article
9061e57b-600e-48d8-8de9-da4fd26f5456;Genotyping data MiMe offspring VIGS;10.4121/uuid:99b33f26-8d74-42ac-bf51-7a5c1e5b490c;24 Jan 2019;fefb8841-5b32-4e5f-a32d-dcf77ecc9916;Control of plant meiosis using virus-induced gene silencing (VIGS);10.18174/467275;internal PhD, WU
89f8ad29-c992-4616-b7ec-d3353285d684;"Supplementary data to ""Distribution of Cl and F in benthic foraminifera""";10.4121/uuid:9951e801-5574-498e-b375-fa6941a0f071;19 Nov 2019;ac7d3e29-9dc6-4826-8cfa-f8add4855306;Distribution of chlorine and fluorine in benthic foraminifera;10.5194/bg-17-4727-2020;Article
387c348f-2ea6-4e97-a1f6-9ef6dbcc3209;SMAP and Sentinel-1 data of the Rhine basin;10.4121/uuid:99176da8-4ca5-4617-aacd-c801df4a8214;9 Jul 2020;;;;
904b682d-b4a6-48b2-b30a-a03017c33307;Comparison of 432 Pseudomonas strains through integration of genomic, functional, metabolic and expression data;10.4121/uuid:948c10fe-7ea5-47f3-bdb2-d5b0f908820b;25 Sep 2018;322a1c27-ae47-4e3c-9984-175af980b825;Comparison of 432 Pseudomonas strains through integration of genomic, functional, metabolic and expression data;10.1038/srep38699;Article
e1a624fc-96e4-4c27-80f7-ae12fc59453f;Questionnaire responses to model complexity in geosciences;10.4121/uuid:92f9e9c9-1041-4ca7-9f58-0d463aead08e;4 Feb 2020;64ae178b-0344-4e71-a830-303fe90271b7;On the complexity of model complexity: Viewpoints across the geosciences;10.1016/j.catena.2019.104261;Article
33fba2c9-845f-4a04-8dc6-fb6f0e98cb69;Large eddy simulation output from DALES with 3D and 1D radiative transfer - revised;10.4121/uuid:91250c8f-8be4-4aeb-9238-9670499d8779;18 May 2020;;;;
5931260a-22a6-4e6c-b149-8b5bb040a573;Data from: Apoplastic effectors, MAMPs and surface immune receptors- the battlefront of the Phytophthora infestans - potato interaction;10.4121/uuid:9032af40-6cd0-409d-be0d-76fe0f4ed576;20 Sep 2018;c0efee01-5d3d-4049-a26c-7ffcf7a6896f;Apoplastic effectors, MAMPs and surface immune receptors;10.18174/456582;internal PhD, WU
396db9ed-041c-45dd-93ca-394d1b8ee667;Flow and bed morphology response to the introduction of large wood for sediment;10.4121/uuid:8e9ad365-c7cd-42c5-8d7a-dcb8edcb8520;24 Jul 2018;df564c61-2ee0-4c86-a44f-ee4af4e74dca;Flow and bed morphology response to the introduction of wood logs for sediment management;10.1016/j.advwatres.2019.05.023;Article
927ffaf0-5ed2-463f-be4e-4a85de49bf26;Raw data from Yellow Sticky Traps with insects for training of deep learning Convolutional Neural Network for object detection;10.4121/uuid:8b8ba63a-1010-4de7-a7fb-6f9e3baf128e;15 Mar 2019;f5c3ac96-a8de-42a7-833e-c01d288428c9;Detection and classification of insects on stick-traps in a tomato crop using Faster R-CNN;;Poster
927ffaf0-5ed2-463f-be4e-4a85de49bf26;Raw data from Yellow Sticky Traps with insects for training of deep learning Convolutional Neural Network for object detection;10.4121/uuid:8b8ba63a-1010-4de7-a7fb-6f9e3baf128e;15 Mar 2019;071fd002-0a1c-4eab-84ca-d7ec1803135f;Detection and classification of insects on stick-traps in a tomato crop using Faster R-CNN;;Conference paper
81d121b7-bdda-4ff6-863d-6856f9c9b06f;Data from: X-Ray Diffraction of Iron Containing Samples: the Importance of a Suitable Configuration;10.4121/uuid:89cd9575-58e7-4e23-951a-2a8728b42d70;25 Sep 2018;907d3301-0371-40b2-bde5-c0e9fa355d6b;X-Ray Diffraction of Iron Containing Samples;10.1080/01490451.2017.1401183;Article
3e516d88-5d77-4e00-b364-b41e33314e2c;Autonomous Greenhouse Challenge, Second Edition (2019);10.4121/uuid:88d22c60-21b3-4ea8-90db-20249a5be2a7;20 Aug 2020;;;;
f827fb88-cd7e-434a-8901-df1a2e0ceeae;Synthetic and Empirical Capsicum Annuum Image Dataset;10.4121/uuid:884958f5-b868-46e1-b3d8-a0b5d91b02c0;6 Dec 2016;ace18530-a6b5-4cc4-8b5b-aa236432bcdd;Synthetic bootstrapping of convolutional neural networks for semantic plant part segmentation;10.1016/j.compag.2017.11.040;Article
f827fb88-cd7e-434a-8901-df1a2e0ceeae;Synthetic and Empirical Capsicum Annuum Image Dataset;10.4121/uuid:884958f5-b868-46e1-b3d8-a0b5d91b02c0;6 Dec 2016;bff9c3c1-026e-4acb-a628-63369a88ffe6;Data synthesis methods for semantic segmentation in agriculture;10.1016/j.compag.2017.12.001;Article
a36610dd-4fd4-46bf-9349-3cea47fa5c4c;Laboratory spectroscopy experiment: Spectral reflectance of beach sand as function of surface moisture content with sample of beach sand collected from the Sand Motor, the Netherlands;10.4121/uuid:866135c2-2be3-4b74-8f9c-922505285a7b;9 Feb 2015;9681ab45-d786-4554-bb5c-91399f48d280;Measuring and modeling the effect of surface moisture on the spectral reflectance of coastal beach sand;10.1371/journal.pone.0112151;Article
567fe454-8635-470f-b819-5572c93718d2;Data from: Virus Shedding of Avian Influenza in Poultry: A Systematic Review and Meta-Analysis;10.4121/uuid:820ac0bf-ba64-45e0-aef3-2084662dde9e;12 Dec 2019;eca313d0-47db-4548-9b3a-edd0492a9b81;Virus Shedding of Avian Influenza in Poultry: A Systematic Review and Meta-Analysis;10.3390/v11090812;Article
b6f59033-c254-452e-aa23-c5202fae9cad;Supporting data for the publication: Exploring the contributions of vegetation and dune size to early dune development using unmanned aerial vehicle (UAV)-imaging;10.4121/uuid:81d426a2-30db-4328-bf04-40618bf31e4c;10 Nov 2017;92777900-cf55-438f-bf73-f74b31d37a73;Exploring the contributions of vegetation and dune size to early dune development using unmanned aerial vehicle (UAV) imaging;10.5194/bg-14-5533-2017;Article
91f32efc-233c-4bf0-bc97-a3dadd051c65;Measuring fast-temporal sediment fluxes with an analogue acoustic sensor: a wind tunnel study;10.4121/uuid:7f4c6e00-4e51-4dc3-a304-57fc2f7f3b19;13 Aug 2013;ad05d567-da0b-469b-a76f-c0bfd4e3b489;Measuring fast-temporal sediment fluxes with an analogue acoustic sensor: a wind tunnel study;10.1371/journal.pone.0074007;Article
3e37eb08-949f-4c49-8e71-a3d8d2f06c4e;"Data presented in the paper ""Are all patterns created equal? Cooperation is more likely in spatially simple habitats""";10.4121/uuid:7ed4dc99-db00-48d9-bdfb-61aa919fbbf4;28 Jan 2020;473e08e1-4144-4c92-9a7e-43808f1b417b;Are all patterns created equal? Cooperation is more likely in spatially simple habitats;10.1111/maec.12572;Article
705c8455-f2d2-4e99-8f58-be8fdbe9c4d9;Data underlying the research of Bio-electrochemical ammonium recovery potential of prospective wastewaters;10.4121/uuid:7abd3fdc-c71e-4923-8ca0-a7ba72f71934;16 Jul 2020;d7b4032d-5826-4269-9956-2af54a2a79a4;Bio-electrochemical degradability of prospective wastewaters to determine their ammonium recovery potential;10.1016/j.seta.2021.101423;Article
a8ec7a61-4cc5-4ad3-b04a-ece5c1f7de72;Climate data used to study the potential impacts of climate change on future hydrological regimes and water resources (2010-2050) in the Philippines;10.4121/uuid:77a6c0c0-853b-4ce4-ad10-e191c2614440;4 Nov 2016;b0296a34-8a93-4e12-9564-dbc82366ab4e;Projected impact of climate change on hydrological regimes in the Philippines;10.1371/journal.pone.0163941;Article
d16b57d7-46f1-4d54-82c6-e3ec856d2b7c;Megaherbivores may impact expansion of invasive seagrass in the Caribbean;10.4121/uuid:772a6bcf-983d-4be5-96bf-ba6175df5634;28 Jun 2018;5c05c8a5-710a-4327-a307-bd6ee6b7fa82;Megaherbivores may impact expansion of invasive seagrass in the Caribbean;10.1111/1365-2745.13021;Article
f1592dc8-35b4-4085-b403-2e3e053f85ed;Pelargonium geometric morphometric data;10.4121/uuid:7457eadf-5ad6-4221-b4ea-85c73b91098b;16 Jul 2019;dc7d7188-47e5-4be5-aa46-f8f8a5ea15a8;"Capturing variation in floral shape; a virtual3D based morphospace for Pelargonium";10.7717/peerj.8823;Article
dc53af81-93f9-4da0-be5c-bed51272f2ee;Rainfall observations datasets from Personal Weather Stations;10.4121/uuid:6e6a9788-49fc-4635-a43d-a2fa164d37ec;11 Jul 2019;d1e3dc06-0e45-46ec-bf6c-940558a160d1;Quality Control for Crowdsourced Personal Weather Stations to Enable Operational Rainfall Monitoring;10.1029/2019GL083731;Article
2cdc6937-ec59-4f86-b9ac-a066bacd6c32;Data presented in the paper ‘High prevalences of disseminated neoplasia in the Baltic tellin Limecola balthica in the Wadden Sea’;10.4121/uuid:6d4e69a4-d373-42c8-999e-dfa5d3ea340b;16 Jan 2020;3d1ad369-8ff3-4d61-8a18-6dfcb367575d;High prevalences of disseminated neoplasia in the Baltic tellin Limecola balthica in the Wadden Sea;10.3354/dao03448;Article
7c8a9505-1fcb-442c-a292-56e04c3fd1a0;Aeolian saltation mass flux and shear velocity measurements;10.4121/uuid:68f38ffd-584b-4972-99ed-b182ccee137d;5 Jan 2018;;;;
1a2ada9c-a4a8-4543-b1c1-3747ce339576;Supporting Information for: Scale-dependent evanescence of river dunes during discharge extremes;10.4121/uuid:63d58eae-ecd1-4065-a8d3-297fce0aa022;4 Nov 2019;ce91fb60-516a-4ef6-bb60-bb8814d424e4;Scale‐dependent evanescence of river dunes during discharge extremes;10.1029/2019GL085902;Article
f15b246e-7d0d-4d64-962b-1a114b37d526;"Dataset for ""Return of the native facilitated by the invasive? Population composition, substrate preferences, and epibenthic species richness of a recently discovered shellfish reef with native European flat oysters (Ostrea edulis) in the North Sea""";10.4121/uuid:62dcccd6-6dc4-47c4-9ef8-09afa163cf76;6 Jun 2018;078a5b30-f7f8-4c18-b4db-f353aa94fb05;Return of the native facilitated by the invasive? Population composition, substrate preferences and epibenthic species richness of a recently discovered shellfish reef with native European flat oysters (Ostrea edulis) in the North Sea;10.1080/17451000.2018.1498520;Article
dba158c6-d537-4862-991f-e7f89cb84c04;"Supplementary data of ""Japan FACE 2015 experiment""";10.4121/uuid:625cf57e-aaf0-4be4-bfb0-f2f48e6c78fb;16 Jan 2019;5ed34443-cacd-4eb2-93a5-3eed3ec318c3;Quantifying the Feedback Between Rice Architecture, Physiology, and Microclimate Under Current and Future CO2 Conditions;10.1029/2019JG005452;Article
5763d07e-96d4-4c70-bf7a-2204b55a0038;Data and scripts used in the paper: Moving from drought hazard to impact forecasts;10.4121/uuid:60e8a166-8303-49fa-93b2-dfe622f27405;28 Nov 2019;90b95304-5a1c-416a-a8cd-f4f2bf5d7c2c;Moving from drought hazard to impact forecasts;10.1038/s41467-019-12840-z;Article
8705787f-26a9-4f27-921b-acf38e4091e4;Tail and ear damage of pigs kept under different sanitary conditions;10.4121/uuid:5fd53a9f-bd33-4bcb-a20a-f454a026a712;6 Apr 2017;0f501451-8065-4034-aef5-d5f27a113a6b;A link between damaging behaviour in pigs, sanitary conditions, and dietary protein and amino acid supply;10.1371/journal.pone.0174688;Article
3afa831a-6193-49e1-9c31-8c7f57308a63;Data from: Robust sampling and preservation of DNA for microbial community profiling in field experiments;10.4121/uuid:5c129650-21c9-4d0f-a0eb-7cd9f3061440;25 Apr 2019;9c60c6b8-0506-4812-b2db-a58aa4062019;Robust sampling and preservation of DNA for microbial community profiling in field experiments;10.1186/s13104-019-4187-2;Article
7d1b749d-9d74-40e4-9c09-5d5e9f261e5e;Data from sediment sampling campaign, Sand Motor;10.4121/uuid:598c390b-2368-4670-bc8c-d0b3ae09dd79;1 Jan 2017;;;;
e445ea4d-9d04-4e7c-af00-d86789c4665a;Data from a survey of non-invasive sensing technologies for inspecting fresh food products;10.4121/uuid:58b23f79-4ee0-4f32-8caa-a340f65f51a6;30 Jan 2020;3b58c46c-b50b-4f99-b3e5-f20ab4a502d6;KB DDHT project 8: Non-destructive and non-invasive sensor technologies in food supply chains : project deliverables 1.1-1.4;10.18174/513795;Report
a711dba1-69cb-4ed9-b8a5-d9e24b39b4f0;Structure-heat transport data of periodic open-cell foams;10.4121/uuid:58531fa2-067b-4a81-a577-75594df891c3;15 Jun 2020;86fbeb15-0bd1-4356-9524-3543ee9619b7;Structure-heat transport analysis of periodic open-cell foams to be used as catalyst carriers;10.1016/j.cherd.2020.12.007;Article
825b1d4d-4c88-4de4-ad8f-507c0587f5a9;Spatio-temporal variability in accretion and erosion of coastal foredunes in the Netherlands: regional climate and local topography;10.4121/uuid:54ed4c8f-e7b6-4139-bc20-dc8168c2f890;10 Jun 2014;33529bf6-fdb8-4ea0-9fd1-88c942656932;Spatio-temporal variability in accretion and erosion of coastal foredunes in the Netherlands: regional climate and local topography;10.1371/journal.pone.0091115;Article
4bea3e51-340e-437e-a076-97ff19fd1fb5;Data underlying the publication: Variations in Storm-Induced Bed Level Dynamics Across Intertidal Flats;10.4121/uuid:50b5203b-1e3b-485c-a1c7-e9493d77c5cd;17 Jul 2020;964639b8-5438-4c86-8a5a-e583a14a7b82;Variations in storm-induced bed level dynamics across intertidal flats;10.1038/s41598-020-69444-7;Article
60d72174-003d-480d-9b53-aa342ea504df;Supporting data for 'Skill of large-scale seasonal drought impact forecasts';10.4121/uuid:4c6f7f0f-e402-4b6c-a2a2-711bcd224e1f;29 Apr 2020;5a9b9a7d-4c04-4f1a-b5a7-01eac0ffa5a7;Skill of large-scale seasonal drought impact forecasts;10.5194/nhess-20-1595-2020;Article
fc370e69-ba51-41d7-9600-3930e6df745c;Supporting data for 'Hydrological drought forecasts outperform meteorological drought forecasts';10.4121/uuid:3ac082ab-15e7-4521-8d47-5128b0e0d239;2 Apr 2020;00de2169-fc1b-4a36-a9b2-477a01741dc4;Hydrological drought forecasts outperform meteorological drought forecasts;10.1088/1748-9326/ab8b13;Article
61121ff4-596b-4e7f-ada7-04b8b4a7ac1f;Data and R code: Bioconversion efficiencies, greenhouse gas and ammonia emissions during black soldier fly rearing – a mass balance approach;10.4121/uuid:3a6fa855-4637-4207-be93-eff1436a430f;27 May 2020;4251b22a-eb2a-48a0-a964-393a3fe5ecbf;Bioconversion efficiencies, greenhouse gas and ammonia emissions during black soldier fly rearing – A mass balance approach;10.1016/j.jclepro.2020.122488;Article
d86f215b-e990-4e8d-996e-87e515755a23;Expected and observed genotype complexity in prokaryotes: correlation between 16S-rRNA phylogeny and protein domain content;10.4121/uuid:37346f1e-f8cf-4112-ba4b-1223a3e4edda;24 Oct 2018;;;;
00da9c9e-3574-4d4c-8a99-428778707d48;Genotyping Data Hyperrecombinant offspring VIGS;10.4121/uuid:33c2cd57-c041-4b2c-b15b-736b2451e7e1;24 Jan 2019;fefb8841-5b32-4e5f-a32d-dcf77ecc9916;Control of plant meiosis using virus-induced gene silencing (VIGS);10.18174/467275;internal PhD, WU
79587e21-23c3-4a99-abfe-587aff7a4a89;Apparent ileal digestibility of Maillard reaction products in growing pigs;10.4121/uuid:332dcf9e-c0b6-4569-9f3a-74260cb12879;18 Jun 2018;52ddc3bf-a860-4e0e-b644-ef9ecb799be8;Apparent ileal digestibility of Maillard reaction products in growing pigs;10.1371/journal.pone.0199499;Article
b464bf8a-ed07-489d-acd6-7c67bbfffb6a;Mud Motor Sedimentation Erosion bars dataset;10.4121/uuid:29cfff1f-d01b-435b-a4af-04ba01dacc5c;7 Jan 2020;e804cd54-768f-4c77-90d2-76684d1cd99b;Beneficial use of dredged sediment to enhance salt marsh development by applying a ‘Mud Motor’: evaluation based on monitoring;10.18174/500109;Report
d6c15696-1f7b-400b-9e13-39c1726e46ae;Replication Data for: Bed morphodynamics at the intake of a side channel controlled by sill geometry;10.4121/uuid:28c4754b-d749-4060-b73d-1e971558bf00;31 Oct 2019;3014bc97-d222-47ca-ab77-1cd3a773baae;Bed morphodynamics at the intake of a side channel controlled by sill geometry;10.1016/j.advwatres.2019.103452;Article
07fceaa9-1028-4981-b365-f98fb86b654f;Regional soil moisture monitoring network in the Raam catchment in the Netherlands - 2016-04 / 2017-04;10.4121/uuid:276a8c0e-c9a9-4fdf-916a-75cfe06fa974;7 Jun 2017;3dd01378-0c03-401e-ab81-321bda06ddcf;The Raam regional soil moisture monitoring network in the Netherlands;10.5194/essd-10-61-2018;Article
b6e6ca48-013f-4c82-9b00-e1b495027b5b;Data from: Quantitative visual soil observation for visual soil evaluation on dairy farms;10.4121/uuid:237f0826-d04b-43e0-82d3-d2f4a6bf4ce4;24 Jun 2019;f2a28439-72bc-4e2c-94f1-a6c10793357d;Reading soils;10.18174/475443;internal PhD, WU
b6e6ca48-013f-4c82-9b00-e1b495027b5b;Data from: Quantitative visual soil observation for visual soil evaluation on dairy farms;10.4121/uuid:237f0826-d04b-43e0-82d3-d2f4a6bf4ce4;24 Jun 2019;7af48d31-0fd8-42e4-98a2-74d862a16dea;Visual soil evaluation;10.1016/j.still.2017.11.012;Article
471f8e2a-153b-4795-a1a4-0ee0eef3c196;Wageningen Urban Rainfall experiment;10.4121/uuid:1dd45123-c732-4390-9fe4-6e09b578d4ff;8 Aug 2018;e6c60345-a25b-436b-aa6f-fe5b54858f1a;A measurement campaign to assess sources of error in microwave link rainfall estimation;10.5194/amt-11-4645-2018;Article
ffebc50a-b709-4104-b1b1-d584d5b7ec54;Data from: Reconstructing lateral migration rates in meandering systems - a novel Bayesian approach combining OSL dating and historical maps;10.4121/uuid:1ca25393-aa99-48dc-b382-0506322bc449;13 Sep 2018;73bf6d4c-d6b9-4134-a003-ece30167a0e6;Reconstructing lateral migration rates in meandering systems – a novel Bayesian approach combining optically stimulated luminescence (OSL) dating and historical maps;10.5194/esurf-6-705-2018;Article
e7c3cddb-40ab-4700-a00b-89000c1bb56c;Data underlying the publication: Mitigating ecosystem impacts of bottom trawl fisheries for North Sea sole Solea solea by replacing mechanical with electrical stimulation;10.4121/uuid:16c6b13d-530b-4471-9668-50c78289eb3e;2 Jul 2020;e03be4a1-ba62-451c-b549-32fd8e4402fe;Mitigating seafloor disturbance of bottom trawl fisheries for North Sea sole Solea solea by replacing mechanical with electrical stimulation;10.1371/journal.pone.0228528;Article
fbc383f3-bcc0-4dda-be74-1eb221d73a11;Data from: Magnetite synthesis from ferrous iron solution at pH 6.8 in a continuous stirred tank reactor;10.4121/uuid:141a42de-36b5-4959-b587-c5aea0ebb379;27 Sep 2018;8e47cd78-2bbb-41cd-aa9e-3b18ada36f28;Magnetite synthesis from ferrous iron solution at pH 6.8 in a continuous stirred tank reactor;10.2166/wst.2018.062;Article
8d11d4f7-1a4d-4da3-bed6-fb7dd758adb5;Behavioural observations of pig kept under different sanitary conditions;10.4121/uuid:0a408400-0144-4c4f-83fc-231d559596de;6 Apr 2017;0f501451-8065-4034-aef5-d5f27a113a6b;A link between damaging behaviour in pigs, sanitary conditions, and dietary protein and amino acid supply;10.1371/journal.pone.0174688;Article
5ad7a1bb-c796-473c-8d28-fa122b9a2369;Single-molecule protein sequencing through fingerprinting: computational assessment;10.4121/uuid:08a078fc-9d4c-44d1-88c9-9cb412b83a46;19 Jan 2018;f301e953-73dd-4008-a0f2-80857a3d3dee;Single-molecule protein sequencing through fingerprinting: computational assessment;10.1088/1478-3975/12/5/055003;Article
b56852d7-d2d9-48da-bc64-fedd7c82b57c;Supplementary Information and R code from: Black soldier fly larvae show a stronger preference for manure than for a mass-rearing diet;10.4121/uuid:087b8581-71b6-4bac-914b-1807ebcf90b4;13 May 2020;743a7f76-5aaf-4a8b-8159-c62cff626c16;Black soldier fly larvae show a stronger preference for manure than for a mass‐rearing diet;10.1111/jen.12768;Article
19985f5d-e12c-4b11-b90d-d2d878d682c2;"Data presented in the paper ""Restoring musselbeds in highly dynamic environments by lowering establishment thresholds""";10.4121/uuid:06c188e5-0662-497e-b1d3-e90cd8daf9d9;14 Apr 2020;b9f2dbb1-509e-4c88-91cd-dd7e6c54e229;Restoring mussel beds in highly dynamic environments by lowering environmental stressors;10.1111/rec.13168;Article
29ec61d2-a3bd-4102-b818-f67b45a388f7;Archived 5-min rainfall accumulations from a radar dataset for the Netherlands;10.4121/uuid:05a7abc4-8f74-43f4-b8b1-7ed7f5629a01;23 Mar 2020;0a428041-5a4b-4e6f-863d-48fb3a5ae167;Scripts used in 'Spatial and Temporal Evaluation of Radar Rainfall Nowcasting Techniques on 1533 Events' by Imhoff et al. (2020);10.5281/zenodo.3826582;Software
29ec61d2-a3bd-4102-b818-f67b45a388f7;Archived 5-min rainfall accumulations from a radar dataset for the Netherlands;10.4121/uuid:05a7abc4-8f74-43f4-b8b1-7ed7f5629a01;23 Mar 2020;19e091da-7015-4ad7-9052-873a38b71ab1;Rainfall Nowcasting Using Commercial Microwave Links;10.1029/2020GL089365;Article
29ec61d2-a3bd-4102-b818-f67b45a388f7;Archived 5-min rainfall accumulations from a radar dataset for the Netherlands;10.4121/uuid:05a7abc4-8f74-43f4-b8b1-7ed7f5629a01;23 Mar 2020;3d7d6874-a78b-492c-a1a0-2ea7dc50ce10;Spatial and Temporal Evaluation of Radar Rainfall Nowcasting Techniques on 1,533 Events;10.1029/2019WR026723;Article
29ec61d2-a3bd-4102-b818-f67b45a388f7;Archived 5-min rainfall accumulations from a radar dataset for the Netherlands;10.4121/uuid:05a7abc4-8f74-43f4-b8b1-7ed7f5629a01;23 Mar 2020;ae458ece-72a6-45ae-bad7-284b92417bad;10th European Conference on Radar in Meteorology and Hydrology (ERAD 2018) : 1-6 July 2018, Ede-Wageningen, The Netherlands;10.18174/454537;Report
29ec61d2-a3bd-4102-b818-f67b45a388f7;Archived 5-min rainfall accumulations from a radar dataset for the Netherlands;10.4121/uuid:05a7abc4-8f74-43f4-b8b1-7ed7f5629a01;23 Mar 2020;3bcc53b4-89aa-44bb-a7ce-5064456bc38c;Measuring urban rainfall using microwave links from commercial cellular communication networks;10.1029/2010WR010350;Article
1bffcd80-0160-45eb-93ee-276bb6f56b48;Dataset: Does salt stress constrain spatial distribution of dune building species Ammophila arenaria and Elytrigia juncea?;10.4121/uuid:01561d16-bc87-4614-8f4e-e17393d4d34d;10 Aug 2017;37bc7ecb-c7fe-4db9-aa46-69a48c00830d;Does salt stress constrain spatial distribution of dune building grasses Ammophila arenaria and Elytrichia juncea on the beach?;10.1002/ece3.3244;Article
91b5a206-1af7-4e57-aef4-facda5764759;Data supporting the research of: Estimating architecture-based metabolic scaling exponents of tropical trees using terrestrial LiDAR and 3D modelling;10.4121/uuid:0120f3c6-cfa6-42a5-84bf-d9e598283c59;26 Feb 2019;6d1d45d9-e327-4bff-a9ac-ec179923d3d4;Estimating architecture-based metabolic scaling exponents of tropical trees using terrestrial LiDAR and 3D modelling;10.1016/j.foreco.2019.02.019;Article
c9a3e861-6097-4f5e-a449-0e0f71e66798;"Dataset from ""A variable residue: meta-analysis on the nitrogen fertilizer replacement value of anaerobic digestate""";10.4121/ffb60dd6-e9e7-413b-bc33-dde661d17a32;21 Mar 2025;;;;
5da47de1-1fdd-44d5-bd44-6cafc61b3072;Sequencing dataset genotyping of faba bean (Vicia Faba L.) accessions using targeted sequencing 90k-SPET;10.4121/ffa31a8a-94ab-49a0-9c74-780e6d886ee6;8 Jul 2024;;;;
66318195-edcc-4f84-b80b-ff6143c1a42a;Data from: ‘Selective reflection of near infrared radiation in shading screens for cooled greenhouses’;10.4121/ffa1ec4f-8976-44e2-b96d-ab0b613b4029;12 May 2025;7008c6b1-9a3c-4ba2-b125-a2b2b6bc62be;Selective reflection of near infrared radiation in shading screens for cooled greenhouses;10.17660/ActaHortic.2025.1423.13;Conference paper
f328450d-098e-4fd9-b462-88fb73277133;Replication Data for: Self-constraining of meandering rivers;10.4121/fb5161d2-3e05-40f7-8d87-d90151c556c1;29 Nov 2018;;;;
35c02f39-aba7-4245-b420-bbc4b9070f06;"Data underlying the publication ""An Efficient Triplex TaqMan Quantitative PCR to Detect a Blackleg-Causing Lineage of Pectobacterium brasiliense in Potato Based on a Pangenome Analysis”";10.4121/fb37e29c-b94b-4888-b3c8-db889bf211e2;28 Aug 2023;48278e0a-81f0-4de0-8361-934220e1c010;An Efficient Triplex TaqMan Quantitative PCR to Detect a Blackleg-Causing Lineage of Pectobacterium brasiliense in Potato Based on a Pangenome Analysis;10.3390/microorganisms11082080;Article
4fd364a1-edea-45ed-86d1-ddba70fbbf3c;Dataset: Sensing Potential in the Food Supply Chain - Mango;10.4121/fb26fd3f-ba3c-4cf0-8926-14768a256933;4 Mar 2025;;;;
9239161c-0133-42e8-bb21-b4d5bc497bee;Data underlying the study: Addition of iron does not ameliorate sulfide toxicity by sargassum influx to mangroves but dampens methane and nitrous oxide emissions;10.4121/fb1e03d3-5bb2-47d9-a5f4-d4f46b9356e2;22 Sep 2023;371520bb-4fef-4dc8-b51e-bb1d772a603f;Addition of iron does not ameliorate sulfide toxicity by sargassum influx to mangroves but dampens methane and nitrous oxide emissions;10.1016/j.marpolbul.2024.116303;Article
a581ca57-5130-45e0-9af0-f1b6513e6e30;Data underlying the publication: Gaming the Unknown: Learning to differentiate and respond to uncertainty through a serious game;10.4121/fac2f69c-850e-4836-a76e-b38d65ebda17;3 Nov 2025;;;;
33ccd176-3ff9-4607-9c93-953d4e560430;4th Autonomous Greenhouse Challenge: Dwarf Tomato Timeseries and Images;10.4121/fa102772-32db-4b30-bace-12f2016722ce;23 Jun 2025;;;;
ffa1a89e-93b0-45e5-9399-ee3bf684d2c5;ERA5 data West Europe 2021 July for WAM2layers;10.4121/f9572240-f179-4338-9e1b-82c5598529e2;26 Apr 2024;1f074503-684c-4a4c-8233-3dac10acc414;WAM2layers;10.5281/zenodo.7010594;Software
f9507556-5a77-4755-b065-9bc7b720e21e;Data and scripts underlying the publication: Exploring transferability of plastic-water hyacinth interaction and detection in rivers;10.4121/f771da08-8143-4a4b-9ad6-c8e711812a63;17 Nov 2025;;;;
a5ed63d4-3bc6-40d7-ba94-d463eae9f20c;Data underlying the article: Physiological and stoichiometric characterization of ethanol-based chain elongation in the absence of short-chain carboxylic acids;10.4121/f74b503a-81d5-4187-b696-ba9c8133d2a3;2 Nov 2023;ea0f697c-99dc-4414-a5ab-f3c47c6492b1;Physiological and stoichiometric characterization of ethanol-based chain elongation in the absence of short-chain carboxylic acids;10.1038/s41598-023-43682-x;Article
7218b594-8bb8-4e9d-8edd-e4987e312b7c;Data underlying the publication: Meat analogues: the relationship between mechanical anisotropy, macrostructure, and microstructure;10.4121/f72387bc-25ca-40e9-a6a1-6b2d0b659e30;20 Feb 2025;60a86b47-054b-4e2e-97e2-e30d1a43d757;Meat analogues;10.1016/j.crfs.2025.100980;Article
eef3321d-e9d4-4787-b108-6e6d3ccc6604;"Data underlying the publication ""Electric discharge by sulphide shuttling bacteria""";10.4121/f6bd7e7c-ffa8-4590-96db-ca870a2c0847;30 Aug 2023;bf2e5739-035a-4fa4-a66e-2d01670ea690;Electric discharge by sulphide shuttling bacteria;10.1002/jctb.7505;Article
c3240371-0052-4082-a8e8-ff4a652ad75a;Data underlying the publication: Subaqueous resetting of the luminescence clock: bleaching of sand-sized quartz and feldspar in coastal waters;10.4121/f4b0d921-5c7d-49f8-abd1-5d13169139db;16 Dec 2025;;;;
237272a4-bce0-4511-b5c8-a76d44784866;"Data underlying the publication ""Testing the performance of an EMCCD camera in measuring single-grain (thermo) luminescence in comparison to a laser-based single-grain system""";10.4121/f41e5ecc-2674-4002-9217-57bc88e77b36;16 Nov 2023;cfefab9b-4feb-421d-8436-76edbca0e6a5;Testing the performance of an EMCCD camera in measuring single-grain feldspar (thermo)luminescence in comparison to a laser-based single-grain system;10.1016/j.radmeas.2024.107168;Article
f6697e08-8ffd-4f3a-99b9-3c23e12721b6;Data belonging to the publication: Global Analysis of Groundwater Pumping from Increased River Capture;10.4121/f33635f9-c7ae-4527-84a9-ebf04d59e405;20 Mar 2024;d1e63297-5788-454e-9779-fa1e90bff808;Global analysis of groundwater pumping from increased river capture;10.1088/1748-9326/ad383d;Article
8bd1035f-6857-45ad-932b-bf638468d2e9;Dataset: Combined Annotation Dependent Depletion (CADD) scores for turkey and chicken;10.4121/f2ff2a38-0766-48f0-99f1-65d875ba81d4;6 Nov 2025;6a8cbc28-0958-4398-bb6a-cf2924444e62;A generic pipeline for CADD Score generation: chickenCADD and turkeyCADD;10.1101/2024.11.01.621569;Preprint
56bffd52-dec3-4378-98d5-453d7ccf26b9;Analysis output from: Potential of boreholes combined with deep-rooted cover crops to ameliorate subsoil compaction;10.4121/f2aa4e23-3779-4b80-9fb5-c97a82f73633;1 Feb 2024;c2ff5162-d6c1-4855-93d6-30743b8a055e;Potential of boreholes combined with deep-rooted cover crops to ameliorate subsoil compaction;10.18174/588727;Report
1ac55ff9-9e18-43c4-bf45-fcaa12882fe5;TTADDA_NARO_2021: A subset of the multi-season RGB and multispectral TTADDA-UAV potato dataset;10.4121/f2307c47-9a1a-474a-a0d9-e09ee1b7512c;3 Sep 2025;263d1660-271c-4851-ae8b-acfe8f140e8b;TTADDA-UAV: A multi-season RGB and multispectral UAV dataset of potato fields collected in Japan and the Netherlands;10.1016/j.dib.2025.112004;Article
be3ffce6-f143-44dd-a35f-e15610fb5cfa;Data underlying the VIOLA model for potato stress classification using NDVI;10.4121/f0fd8497-0622-460b-92e2-721001f5aecf;23 Dec 2024;;;;
b22adc63-f851-4556-90fd-3404adf82266;Data underlying the publication: Canopy cover at crown-scale best predicts spatial heterogeneity of soil moisture within a temperate Atlantic forest;10.4121/ef9c3610-c8b5-4f84-8c73-af4426ddd1de;19 Mar 2025;c635b2ea-cab1-4124-8fc7-bdca93ef781e;Canopy cover at the crown-scale best predicts spatial heterogeneity of soil moisture within a temperate Atlantic forest;10.1016/j.agrformet.2025.110431;Article
bcde8065-ef8f-4931-be2e-5f1d10d39449;Landelijk Grondgebruik Nederland versie 5 (LGN5);10.4121/eeeecfeb-dc78-4831-823a-d857ff7bab89;10 Jul 2023;905c2a88-462b-449f-9549-332db0b63d4a;"Landelijk Grondgebruiksbestand Nederland (LGN5); vervaardiging, nauwkeurigheid en gebruik";10.18174/17654;Report
f04d7ada-6729-4727-b2d4-2a929049fbb3;Data underlying the publication: From insufficient rainfall to livelihoods: understanding the cascade of drought impacts and policy implications;10.4121/ee5c62e1-438a-4a29-be00-1d736579b0e1;27 May 2025;14101197-1753-40ee-92d3-361eae69df47;From insufficient rainfall to livelihoods;10.5194/nhess-25-1993-2025;Article
2dc0aa82-918b-47ac-8248-ab9c20c6485f;TTADDA_NARO_2022: A subset of the multi-season RGB and multispectral TTADDA-UAV potato dataset;10.4121/ed9b9cd6-8d69-411b-9054-1ecce543ac1b;3 Sep 2025;263d1660-271c-4851-ae8b-acfe8f140e8b;TTADDA-UAV: A multi-season RGB and multispectral UAV dataset of potato fields collected in Japan and the Netherlands;10.1016/j.dib.2025.112004;Article
81a9779d-55c3-4500-b121-760482fa6c4d;Videos of plastic-hyacinth interactions over the Saigon river, Vietnam;10.4121/ec6776d7-1818-43a9-b88c-3d0fe26484c5;9 Nov 2023;;;;
f6f03cae-c040-48d1-abe7-c6a7efcee508;"Dataset underlying the publication ""Water hyacinths retain river plastics""";10.4121/ebb2d47e-e986-4dcf-9dc5-e8b069a81f94;31 May 2024;88c17ccd-0873-4f2d-92f2-15d45ade20ff;Water hyacinths retain river plastics;10.1016/j.envpol.2024.124118;Article
555851b9-b3fd-4568-a39a-39e4e39cd8cb;Gridded dataset of Winter Hardiness maps Europe;10.4121/ea47df39-c6b0-4d43-9db7-f82454f3383f;25 Sep 2024;;;;
84e5c491-80bc-4024-9f34-dc415eca8d4f;Data and script used in the paper: Next-generation hybrid precipitation forecasts that integrate indigenous knowledge using machine learning;10.4121/e9746810-a395-4e23-bccd-c4cd7d0e4459;6 Nov 2024;ccfdcdf5-24c4-4c58-961d-a450f72e34c1;Next-generation hybrid precipitation forecasts that integrate Indigenous knowledge;10.1088/1748-9326/ade4e2;Article
d9c1b3d1-f4b4-4721-8047-11d424c182d7;Data underlying the publication: People, Palms, and Productivity: Testing Better Management Practices in Indonesian Smallholder Oil Palm Plantations;10.4121/e952246f-f564-40dc-9081-3ae9567cb433;10 Oct 2024;905102ca-7ff9-43c2-bc8e-4dc6c2b237b0;People, Palms, and Productivity: Testing Better Management Practices in Indonesian Smallholder Oil Palm Plantations;10.3390/agriculture14091626;Article
7f5ee7fc-d84d-4ded-b484-87f4a5631123;Data underlying the publication: Upstream passage windows for anadromous fish at a large barrier in the Rhine-Meuse estuary, 1996-2018;10.4121/e8d5fe1e-773c-475c-b2c3-bf5b9def961a;19 Dec 2025;;;;
587c8c8d-7539-438d-8ded-f33a3e0d571c;Data underlying the publication: Historic assessment of groundwater sustainability;10.4121/e8a5b827-af87-4091-8504-121a46db762b;12 Sep 2025;69f95d23-4804-442d-a0cc-65aee871ac12;Historic assessment of groundwater sustainability;10.1088/1748-9326/ae1e90;Article
835a75cb-641c-41e0-a017-5b5086347bf5;Data underlying the publication: Mismanaged plastic waste as a predictor for plastic pollution along the Odaw river;10.4121/e73386f8-a10b-40a0-a91e-6be425ef8806;7 May 2024;;;;
4f1455d8-51aa-4ac0-9b15-4514b7fea2eb;Data underlying the publication: Effective integration of drone technology for mapping and managing palm species in the Peruvian Amazon, Loreto region (2018-2019);10.4121/e57f8b3e-20e4-45bc-8581-26a52e2170df;6 Mar 2025;;;;
494f0332-0e69-4c99-8d9f-f29970a6ae5d;"Machine Learning Architectures underlying ""Fog Monitoring through Machine Learning of Signal Attenuation Data from Microwave Links from Cellular Communication Networks""";10.4121/e3a19ed4-801f-4586-9ba1-340c4fc3b08e;30 May 2025;;;;
e05f7488-b215-4c26-80dc-b179b201e74e;TomatoWUR: an annotated dataset of 3D tomato plants to quantitatively evaluate segmentation, skeletonisation, and plant trait extraction algorithms for 3D plant phenotyping;10.4121/e2c59841-4653-45de-a75e-4994b2766a2f;27 Mar 2025;;;;
0c0a461c-a36b-4aff-b8d9-cbee6bab9852;Landelijk Grondgebruik Nederland versie 7 (LGN7);10.4121/e2971c99-f4f2-4786-b7ba-2d16a24bcd83;7 Jun 2023;19afe4bd-57d7-47f4-93c3-745c57418229;Landelijk Grondgebruiksbestand Nederland versie 7 (LGN7) : vervaardiging, nauwkeurigheid en gebruik;10.18174/311353;Report
3840721c-b8ee-4e32-8986-53367652f3ed;"Data underlying the publication ""Campylobacter in the domestic kitchen: linking human and microbiological behaviour""";10.4121/e2412c3d-f468-49bf-b736-c8c9b4d4e511;18 Dec 2024;;;;
1382dde3-0f72-4714-88ab-ad07186579b9;4th Autonomous Greenhouse Challenge: Pre-trial Dwarf Tomato Measurements and Images;10.4121/e1ee9de9-6ce9-4502-a37c-34b5b1372bed;17 Jun 2024;;;;
49b24c27-6995-404b-b18e-d2cd5f3f6f92;2022- Monitoring dioxins, PCBs, flame retardants and PFAS in agricultural and fishery products;10.4121/e0b935eb-0207-4f4c-97f2-94314da70447;30 Jan 2024;;;;
41848d62-29a6-43a2-b04f-cc32cfa46e75;"Supplementary material Chapter 3 of PhD thesis: ""To Rebehold the Cell: Natural and Synthetic Cell Cycles Through the Lenses of Macromolecular Motion""";10.4121/df5ed6c0-3ce6-4f38-9493-6a2426d3f6d7;1 Feb 2024;ebfcb9db-a3d6-465d-8515-75b8f2731a65;Live-cell imaging reveals the trade-off between target search flexibility and efficiency for Cas9 and Cas12a;10.1093/nar/gkae283;Article
41848d62-29a6-43a2-b04f-cc32cfa46e75;"Supplementary material Chapter 3 of PhD thesis: ""To Rebehold the Cell: Natural and Synthetic Cell Cycles Through the Lenses of Macromolecular Motion""";10.4121/df5ed6c0-3ce6-4f38-9493-6a2426d3f6d7;1 Feb 2024;a5508f44-5797-453b-8f67-704f781a2ce9;To rebehold the cell;10.18174/648280;internal PhD, WU
41848d62-29a6-43a2-b04f-cc32cfa46e75;"Supplementary material Chapter 3 of PhD thesis: ""To Rebehold the Cell: Natural and Synthetic Cell Cycles Through the Lenses of Macromolecular Motion""";10.4121/df5ed6c0-3ce6-4f38-9493-6a2426d3f6d7;1 Feb 2024;fbe4c84b-af1e-48a9-a1a2-3dc5bae7195c;Live-cell imaging reveals the trade-off between target search flexibility and efficiency for Cas9 and Cas12a;10.1101/2023.11.16.567366;Preprint
e286fd2f-b678-49af-a6b5-8ff4d0e6bfe6;Dataset for Evaluation of chemical free cleaning techniques for RED fed with natural waters and stacks with profiled membranes;10.4121/df21a682-0c87-4a5e-a050-8101ae58f5b0;6 Sep 2023;425506cf-b32e-4f46-addc-429ebc6e9743;Evaluation of chemical free cleaning techniques for reverse electrodialysis stacks fed with natural waters;10.1016/j.jwpe.2024.105236;Article
9ff62a09-bd6e-4d75-870e-05e6b6bc57dc;"Replication dataset for ""Fine sediment in mixed sand-silt environments impact bedform geometry by altering sediment mobility""";10.4121/dde430c4-7f9f-4d7b-bff1-d4792e0031f2;21 Dec 2023;;;;
b6c6e36f-894b-4a42-a155-a37001da7c48;Data underlying the publication: Toward Nitrous Oxide-Free Ammonium Treatment: Integrating Hydrogenotrophic Denitrification in Anoxic Bioanodes;10.4121/dbeeeccc-0285-496c-9c8a-591bef50de9a;19 Jan 2026;;;;
16cab974-44d7-4da4-8e73-120098910f76;Data and models used for paper 'The impact of future climate projections and anthropogenic activities on basin-scale groundwater availability';10.4121/d9706a2a-b77b-412f-a3aa-6e22bd8ddf4a;24 Jan 2024;;;;
d52f6943-7c90-44bd-86d5-783c32ec6dfa;Data underlying the publication: The impact of the Hamas-Israel conflict on the U.S. defense industry stock market return;10.4121/d8deb768-0d23-4330-adf9-3506b641088e;28 Nov 2024;;;;
9fc0c8a9-4055-49f2-9380-07142e52703f;Data underlying: Chapter 6. CRK28 regulates leaf senescence and defence processes in Arabidopsis;10.4121/d88716af-8b6d-421e-a225-93cb9b1a7c16;30 Oct 2024;0f4b8f2a-7d42-4c0a-903f-4aab728d28a2;CRKing the code;10.18174/675700;internal PhD, WU
03253698-53e2-4290-87b3-6c26bf3bbb26;Data underlying the publication: Predicting leaf traits of herbaceous species from their spectral characteristics ;10.4121/d7d2372d-c82c-4b5c-8016-805e37d923c2;5 Jun 2025;b3621fe9-5502-4fee-9bb1-467775e2b4de;Predicting leaf traits of herbaceous species from their spectral characteristics;10.1002/ece3.932;Article
fe16a880-8679-4566-96ed-1cfb78c77ac1;Data underlying the publication: First evidence of polyembryony in black mangrove Avicennia germinans;10.4121/d69956ab-49f2-40ab-a8e6-53867849ee1b;17 Jul 2024;6b090d3d-ce46-4185-bd3e-f2e1ee1a6b33;First evidence of polyembryony in black mangrove Avicennia germinans;10.1515/bot-2022-0006;Article
5a988cb6-c2b7-4256-8e52-ec07f2274d24;"Data underlying the publication ""Banana fibre yield and recovery in diversified farming systems of Uganda: Protocol, allometry and determinants.""";10.4121/d602cb3c-d650-4075-80c7-175b98d3a603;4 Sep 2025;;;;
62d42202-fc8c-48e7-8f21-b9007f20b18c;Data underlying the publication: Enhanced parasitisation of caterpillars and aphids on field-grown Brassica oleracea plants upon soil amendment with insect exuviae;10.4121/d5fdbc3e-396c-465c-9807-76f468bed6df;20 Mar 2024;9c8677e5-dbba-49df-9506-a2bd225c406a;Enhanced parasitisation of caterpillars and aphids on field-grown Brassica oleracea plants upon soil amendment with insect exuviae;10.1111/1365-2435.14555;Article
46985025-8611-4924-b275-143951fd5604;Dataset underlying the publication: Seasonal dynamics of the standard test species <i>Lemna<i> sp. in outdoor microcosms;10.4121/d553a536-880a-4cd7-ae75-30c009ba00c9;20 Mar 2024;b7d199e1-35f8-4e08-9084-29ebfbbc3eff;Seasonal dynamics of the standard test species Lemna sp. in outdoor microcosms;10.1002/ieam.4916;Article
2fc2f4df-4e4e-41cd-8525-d721ef3c0ba1;Data underlying the publication: Interfacial protein adsorption behavior can be connected across a wide range of timescales using the microfluidic EDGE (Edge-based droplet GEneration) tensiometer;10.4121/d4c5feca-4e5c-44fe-a358-55ae9cc09100;17 May 2024;7755c917-21d3-4458-ae3c-0c27eb12aac0;Interfacial protein adsorption behavior can be connected across a wide range of timescales using the microfluidic EDGE (Edge-based droplet GEneration) tensiometer;10.1016/j.jcis.2024.06.200;Article
0b50ee12-f8ef-4fdb-ac45-f929533fd066;Data underlying the publication: Odorant receptors in larvae and adults of a butterfly species: from identification to ecological significance;10.4121/d4277ed9-49ab-4dca-9593-0be5b63a987e;17 Nov 2023;943f7d6b-9664-4d9e-81c2-b6ae666658c7;Odorant receptors in larvae and adults of a butterfly species;10.18174/639117;internal PhD, WU
ded9c3c1-ca4f-4968-b83d-2ad0a66bf248;Replication Data for Oblique aggradation: a novel explanation for sinuosity of low-energy streams in peat-filled valley systems;10.4121/d3df83d8-1d93-4304-a788-de8979496273;20 Aug 2018;96c2234a-0d7b-487e-bf28-19c301f59720;Oblique aggradation: a novel explanation for sinuosity of low-energy streams in peat-filled valley systems;10.1002/esp.4100;Article
b822799b-7831-4830-82c6-b21622c95edc;Supplementary Information: RNA-Seq analysis of Brassicaceae species under different irradiances;10.4121/d3455b3c-54d8-4ef8-8501-a70936a51dad;31 Aug 2023;8d7bd4b6-56c4-4b9b-8bcb-cf0396d7e8f4;Cross-species transcriptomics reveals differential regulation of essential photosynthesis genes in Hirschfeldia incana;10.1093/g3journal/jkae175;Article
b822799b-7831-4830-82c6-b21622c95edc;Supplementary Information: RNA-Seq analysis of Brassicaceae species under different irradiances;10.4121/d3455b3c-54d8-4ef8-8501-a70936a51dad;31 Aug 2023;2ec97cc6-4e3a-47bc-b2da-b1e54314dd72;Software supporting: RNA-Seq analysis of Brassicaceae species under different irradiances;10.4121/5b88cdf2-eb5f-4033-8ece-1f3f488a1f83;Software
6b53f2da-531d-44f0-9a62-a6a4adf1ae48;"Dataset underlying the publication ""Suitability of river plastic monitoring methods for citizen science""";10.4121/d109d044-0032-4e6d-9a5a-16182fb20c79;9 Oct 2025;7bab11e0-160a-442e-ad3c-1a5f7be6e813;Suitability of river plastic monitoring methods for citizen science;10.1017/plc.2025.10027;Article
c8c61377-9a68-44d6-9072-4a439415cd6f;Supplementary results and videos from: Feeding live or processed black soldier fly larvae to slow-growing broilers impacts their behaviour differently;10.4121/d07f34c4-55d1-4c70-83d3-4c081ff5d6de.v1;8 Jan 2026;2d941eac-580a-4b19-a012-09f550dd6ed6;Feeding live or processed black soldier fly larvae to slow-growing broilers impacts their behaviour differently;10.1016/j.animal.2025.101748;Article
ead80a26-0d4a-4156-837e-3227f95c48c4;Dataset underlying Human-induced lowland floodplain transformation from peat- to clastic-dominated during the Early Modern Period ;10.4121/cedb3cac-650d-4405-9510-126240e926a5;2 Dec 2024;;;;
01fb5e97-6638-4c1b-8913-f51362bb1c4d;Data and model underlying the research of: Assessment of saturated hydraulic conductivity-depth relationships and extended soil column thickness in catchment hydrological modelling;10.4121/cca65bf3-f0ef-4e10-98c7-a994a3d79df3;16 May 2025;fc1ade9f-79bd-4d58-be06-4e6e25c00eb0;Assessment of Saturated Hydraulic Conductivity-Depth Relationships and Extended Soil Column Thickness in Catchment Hydrological Modelling;10.1002/hyp.70149;Article
2f017a3a-c407-4d43-93ee-31c008f058ba;Data underlying the publication: Membrane biofilm reactor (MBfR) enabling optimal H2 delivery and supporting minimal nutrient supplementation to hydrogenotrophic biofilms;10.4121/cbc2fa52-beec-4c88-aa7c-4cc5cc068aae;18 Nov 2025;ba2b8934-69d5-4294-a117-05c45a3effa4;Membrane biofilm reactor (MBfR) enabling optimal H2 delivery and supporting minimal nutrient supplementation to hydrogenotrophic biofilms;10.1016/j.wroa.2026.100507;Article
e098c5c8-1ea4-4695-accf-36fe1037b614;Data underlying the publication: Turbulent Exchange of CO2 in the Lower Tropical Troposphere Across Clear-to-Cloudy Conditions;10.4121/ca2ea195-a760-4229-8e6c-8cfbf58b4510;1 May 2025;be5a6cc2-fbb5-4f67-ae29-94422d00002e;Turbulent Exchange of CO2 in the Lower Tropical Troposphere Across Clear-to-Cloudy Conditions;10.1029/2025JD044231;Article
e098c5c8-1ea4-4695-accf-36fe1037b614;Data underlying the publication: Turbulent Exchange of CO2 in the Lower Tropical Troposphere Across Clear-to-Cloudy Conditions;10.4121/ca2ea195-a760-4229-8e6c-8cfbf58b4510;1 May 2025;09f507a2-f7fd-4702-8e8a-5ac3ea249d0e;Code underlying the publication: Turbulent Exchange of CO2 in the Lower Tropical Troposphere Across Clear-to-Cloudy Conditions;10.4121/87e82ddb-eadb-474e-813e-124e6802d67d;Software
f3ffeac2-a588-403c-8acb-8c8da5ea2e91;Data underlying the publication: Identifying and Quantifying the Abundance of Economically Important Palms in Tropical Moist Forest Using UAV Imagery;10.4121/c9e33027-2376-4b34-9187-db9141b672cf;15 Jan 2025;44988efb-21dd-4ba4-831f-eded17fec920;Identifying and Quantifying the Abundance of Economically Important Palms in Tropical Moist Forest Using UAV Imagery;10.3390/rs12010009;Article
f605dc14-1f0b-43a1-aad1-4610bdecdfdd;Georeferenced point data of soil properties in the Netherlands;10.4121/c90215b3-bdc6-4633-b721-4c4a0259d6dc;22 Jan 2024;1254b05a-2f44-4ffe-8fe7-794d40dacf5b;BIS-4D;10.5194/essd-16-2941-2024;Article
f605dc14-1f0b-43a1-aad1-4610bdecdfdd;Georeferenced point data of soil properties in the Netherlands;10.4121/c90215b3-bdc6-4633-b721-4c4a0259d6dc;22 Jan 2024;d5f18780-2257-4a67-a3d8-b28ff738a9e7;BIS-4D: Mapping soil properties and their uncertainties at 25 m resolution in the Netherlands;10.5194/essd-2024-26;Preprint
f9dd510d-8499-421a-82ec-7943d063dda8;Data underlying the publication: Crop species diversity levels with attract and reward strategies to enhance Pieris brassicae parasitism rate by Cotesia glomerata in strip intercropping;10.4121/c8f56df8-5407-4507-b0b7-d284ba48ad94;22 Dec 2023;58662500-9cc9-4857-915c-936dbc1debab;Crop species diversity levels with attract and reward strategies to enhance Pieris brassicae parasitism rate by Cotesia glomeratain strip intercropping;10.1111/1365-2435.14502;Article
eb86cb5f-50dd-4521-a6c2-b1f289ca6c70;Data underlying the publication 'Solid-solution partitioning of micronutrients Zn, Cu and B';10.4121/c852e79e-7121-4f7e-8937-d5f4783fca73;5 Feb 2024;b283eea4-3867-4970-b45f-ebaa2e101111;Solid-solution partitioning of micronutrients Zn, Cu and B in tropical soils;10.1016/j.geoderma.2022.115773;Article
dfd21064-8bb2-480e-9262-47736602dde5;Replication Data for: Late Holocene channel pattern change from laterally stable to meandering – a palaeohydrological reconstruction;10.4121/c7cdedab-962e-432e-98fb-eb5d20ff6c68;20 Aug 2018;2c6dc39c-5ff9-4be9-a58e-273d426c8f84;Late holocene channel pattern change from laterally stable to meandering - A palaeohydrological reconstruction;10.5194/esurf-6-723-2018;Article
91ab6c6d-1c68-4353-9cb5-e00315e257aa;Data underlying the publication: Lactuca super-pangenome reduces bias towards reference genes in lettuce research;10.4121/c7935d6a-d6ae-42e7-af7e-0ae8cddf70d7;6 Jun 2024;4ea4144d-6607-4e53-bb9a-96d61b4e2577;Lactuca super-pangenome reduces bias towards reference genes in lettuce research;10.1186/s12870-024-05712-2;Article
91ab6c6d-1c68-4353-9cb5-e00315e257aa;Data underlying the publication: Lactuca super-pangenome reduces bias towards reference genes in lettuce research;10.4121/c7935d6a-d6ae-42e7-af7e-0ae8cddf70d7;6 Jun 2024;d21dabf4-44b5-412d-95a0-902e7a19e745;Lactuca super-pangenome reduces bias towards reference genes in lettuce research;10.1101/2024.06.20.599299;Preprint
4d701474-b0e8-41ad-8875-3a9abebfb9e4;"Data underlying the publication ""CO2 Supply is a Powerful Tool to Control Homoacetogenesis, Chain Elongation and Solventogenesis in Ethanol and Carboxylate Fed Reactor Microbiomes""";10.4121/c76970fc-f617-46f0-9c83-f6f9e78f0a36;16 Apr 2024;606d98e7-62ab-48b8-b53d-6ebee6a1a784;CO2 supply is a powerful tool to control homoacetogenesis, chain elongation and solventogenesis in ethanol and carboxylate fed reactor microbiomes;10.3389/fbioe.2024.1329288;Article
26860961-aa47-4cbd-b4d4-888c67269f9a;TTADDA_NARO_2023: A subset of the multi-season RGB and multispectral TTADDA-UAV potato dataset;10.4121/c5f013d0-85e0-4feb-b653-a3c59683a2bc;3 Sep 2025;263d1660-271c-4851-ae8b-acfe8f140e8b;TTADDA-UAV: A multi-season RGB and multispectral UAV dataset of potato fields collected in Japan and the Netherlands;10.1016/j.dib.2025.112004;Article
def90950-e6b8-466c-b370-621a554ab133;Data and model code accompanying publication - The crane radar: development and deployment of an operational eco-digital twin;10.4121/c51224c6-ad49-46cc-b0aa-abc435c038d8;2 Dec 2024;;;;
53c4ddaa-6c10-40c3-ac06-45c7bd8c32b7;4DHydro WP5 exp 1.0 dataset wflow_sbm - Rhine River;10.4121/c4e053ad-0d80-43d2-9d10-e61a55b91246;28 Mar 2024;;;;
f3f47de8-3858-4101-9ecc-97b136dc4338;"Data underlying the paper ""Demographic structure of African elephant population is a reflection of past drought duration and intensity""";10.4121/c2bebd5e-73fd-4aee-a0e6-5b1eaefd2e29;22 May 2025;;;;
96b24f43-93b7-4cc7-923a-009443367544;Anonymized survey data from the manuscript: The role of Decision Support Tools in drought management: Insights from the Netherlands;10.4121/c1832611-7a74-42c4-bf5a-7314eb624482;11 Nov 2024;8b3d3bf7-be33-4c14-85d3-071825850784;The role of decision support tools in drought management;10.1016/j.envsci.2025.104065;Article
8c4357da-9c8d-4ebb-aa09-29c6873c31bf;Data Underlying: Photodamage and Excitation Energy Quenching in PSII: A Time-Resolved Fluorescence Study in Arabidopsis;10.4121/c038eb3d-ddaa-4731-b383-2d363496ab35;18 Aug 2025;db250bc0-8a0a-4f83-bfc5-a16ccb75f23c;Photodamage and excitation energy quenching in PSII: A time-resolved fluorescence study in Arabidopsis;10.1016/j.bbabio.2025.149569;Article
c70d5068-4794-48b0-8a30-4e6b2f7b5930;"Data underlying the article ""Attributing urban evapotranspiration from eddy-covariance to surface cover: bottom-up versus top-down""";10.4121/bf56f3d1-d522-44d3-8371-9f2af7a01378;3 Sep 2024;6fe5fa26-c608-4c8b-9d94-2deb35a5829e;Attributing Urban Evapotranspiration From Eddy-Covariance to Surface Cover;10.1029/2024WR037508;Article
c7f60fd3-c6df-4a87-9954-aceb0f11dc75;Data underlying the publication: Strip cropping in organic agriculture results in 15% higher ground beetle richness and 30% higher activity density than monocultures;10.4121/bcf78320-aaa6-428f-acf6-2eb436baa13e;31 Jul 2024;;;;
d526eab0-cc4a-4c3a-b6c5-a30c5768ba90;Data underlying the publication: 3D pose of tomato peduncle nodes using deep keypoint detection and point cloud;10.4121/bca55ad7-da67-408d-a083-01376124f514;13 Dec 2024;7cd3b61c-1294-4876-a439-dbcb082c3452;3D pose estimation of tomato peduncle nodes using deep keypoint detection and point cloud;10.1016/j.biosystemseng.2024.04.017;Article
94020faa-c290-4ccf-80ef-bf182c44fe7b;Data underlying the publication: Water content of ion-exchange membranes: Measurement technique and influence on the ion mobility;10.4121/bca52e88-5081-4d83-9484-ce6693190db4;18 Mar 2025;43c3a903-ae72-4584-b823-69dbb89c54e0;Water content of ion-exchange membranes;10.1016/j.memsci.2024.122538;Article
93330068-5b55-458c-a4d4-12f79aa7b676;4DHydro Benchmark Dataset wflow_sbm - Europe;10.4121/bc8f15d5-5009-407d-9542-1d132c84c18c;23 Oct 2023;b7a29e9d-4255-4360-99a6-eedde0c1b632;Wflow_sbm v0.6.1, a spatially distributed hydrologic model: from global data to local applications;10.5194/gmd-2022-182;Preprint
0b48b01d-c65f-4d27-9296-d38882654d5b;Data underlying the publication: Adaptive path planning for efficient object search by UAVs in agricultural fields;10.4121/bbe97051-07df-4934-b634-701d91a2075e;16 Jun 2025;6c08bdf8-2c25-4706-b546-5217b227ecf9;Adaptive path planning for efficient object search by UAVs in agricultural fields;10.1016/j.atech.2025.101075;Article
a4361e90-aa91-4c55-9fcc-c76511bb7e21;Data on “Matured gullies act primarily as sediment pathways rather than sources in catchment-scale sediment budgets”;10.4121/bb78b529-73e0-4efe-a026-fd9ac71c6b48;27 Jan 2026;;;;
e3df5404-a252-4592-b83e-8b887ebcc4e0;Experimental data: Overlooked impact of electrolyte purity on benchmarking cathodes in alkaline water electrolysis;10.4121/badcd93d-0428-4f18-a3b7-a08da74f1c1c;12 Sep 2024;04e5605b-b277-4995-97e5-4beadc60cc35;Overlooked Impact of Electrolyte Purity on Benchmarking Cathodes in Alkaline Water Electrolysis;10.1021/acselectrochem.5c00326;Article
bf28f1aa-6555-47f2-8512-7210c07e33f1;Data and scripts underlying: Feasibility of a JITAI for healthy dietary intake: a mixed-methods study;10.4121/bac66c61-83c2-4d4a-8770-19b9753ca770;7 Oct 2024;;;;
de5a57b6-44c9-4bc0-8f9a-439b811b8a6a;"Supplementary Information accompanying article "" Turing patterns point to mechanisms underlying lagoonal coral resilience""";10.4121/baa12eed-a8f5-4568-b7d5-149911b23a91;20 Mar 2024;;;;
5b6476d2-44f5-4467-b74f-b42200e508ee;"Dataset accompanying ""Anaerobic sulphide removal involves an intricate interplay between biomass, biosulphur, and dissolved compounds""";10.4121/b8f6c0bf-8a0d-4392-9081-8af2a18312f2;21 Jan 2026;;;;
fd0011d8-2524-4a2d-97d7-79284bd6050f;4DHydro Benchmark Dataset wflow_sbm - Tugela;10.4121/b621e626-6f6f-4e16-9747-b1c1393e2d17;23 Oct 2023;b7a29e9d-4255-4360-99a6-eedde0c1b632;Wflow_sbm v0.6.1, a spatially distributed hydrologic model: from global data to local applications;10.5194/gmd-2022-182;Preprint
2549790d-bce0-4888-b7a4-2b4ddc1a541c;Data underlying the publication: Identifying small-scale gradients in sediment stability as early indicators of saltmarsh cliff initiation;10.4121/b413c3de-4294-496e-8a18-cb48d8d1f41c;27 Aug 2025;6ddaefdf-861a-4917-86e6-05a64607741f;Identifying Small-Scale Gradients in Sediment Stability as Early Indicators of Saltmarsh Cliff Initiation;10.1029/2025JF008297;Article
bdd80e7c-1897-4ff7-b57c-b3ea54ac113d;"Data supporting the analysis of sequencing data for identification of lactic acid bacteria (LAB) and yeast species in traditionally fermented maize ogi, part of the research "" Traditional maize ogi production and the assessment of selected species for the development of a starter culture """;10.4121/b2cb872d-06c0-4938-8225-a84957efae70;1 May 2025;;;;
d4131901-8ec5-4cf2-86a5-f86ba2cd5e71;Data underlying the publication: Scarcity of flowering plants on Sedum roofs limits pollinator diversity;10.4121/b1788152-cd06-49ad-afcf-c1c87c83ac83;19 Sep 2025;;;;
c1f00371-1486-4839-8aed-fde61d3a276e;Hartel Canal - Old Meuse 13-hour ADCP repeat transect data 12-Aug-2014;10.4121/b12716dd-a8da-4ef7-a7ff-a14ec2664d2d;15 May 2024;;;;
b79f5a6d-7794-4096-83ff-64dc07f3e5f3;Dataset: Structural, functional and evolutionary characterisation of genes in Lactuca sp. reference genomes in the context of eudicots;10.4121/af1b751d-23a2-4954-ac01-4eb6c68d895b;10 Dec 2024;;;;
63533ab4-f374-4100-93b5-d251bfae8501;Data underlying: Chapter 5. Redox-dependent extracellular interaction networks of Cysteine-rich Receptor Kinases;10.4121/ae5070f2-b6cd-4001-a56b-f1a846898cea;30 Oct 2024;0f4b8f2a-7d42-4c0a-903f-4aab728d28a2;CRKing the code;10.18174/675700;internal PhD, WU
816f9125-d5da-4250-a71d-f4237fc620bd;Genome-Wide Identification of Conditionally Essential Genes Supporting Streptococcus suis Growth in Serum and Cerebrospinal Fluid – Supplementary Dataset;10.4121/ace99cb5-0414-4a91-9aa8-72c0d8c47381;11 Jun 2025;405356c1-c3b8-4031-a9c4-65988a067f62;Genome-Wide Identification of Conditionally Essential Genes Supporting Streptococcus suis Growth in Serum and Cerebrospinal Fluid;10.1101/2025.05.03.652005;Preprint
84be2999-5998-42de-a478-145b9e5b15be;Data underlying the publication: Divergence of microbial community composition and functionality upon serial transfers in novel substrates over 200 generations;10.4121/ac110cab-112b-4f38-ac94-252f8838a9d0;23 Jul 2025;;;;
d74541a8-e3ce-45d6-9d33-04266c9f586a;Data underlying: Chapter 4. Redox-dependent extracellular interaction networks of Cysteine-rich and Leucine-Rich Repeat Receptor Kinases;10.4121/ac081516-5311-481e-b7a2-07c5ea9b1991;30 Oct 2024;0f4b8f2a-7d42-4c0a-903f-4aab728d28a2;CRKing the code;10.18174/675700;internal PhD, WU
e6252ddb-644d-4939-9e20-58ed78b51846;"Dataset underlying the study ""Observations of Estuarine Salt Intrusion Dynamics During a Prolonged Drought Event in the Rhine-Meuse Delta""";10.4121/abc2eb1f-9291-44bd-9810-2ea0e98ae7eb;6 Jan 2025;;;;
0a4a2712-4604-4bce-9cd2-0e153f117901;"Data underlying analysis of the microbial community composition in the manuscript "" The impact of processing technology on microbial community composition and functional properties of Beninese maize ogi""";10.4121/ab7bc46e-e163-4cec-8a5d-6d987025dd3a;7 Feb 2024;c790529b-a8c1-4137-8452-f252042d931d;The impact of processing technology on microbial community composition and functional properties of Beninese maize ogi;10.1016/j.ijfoodmicro.2024.110683;Article
36ff2545-96aa-466f-bd3f-a2358971e5c6;Data and code underlying the publication: Accounting for spatio-temporal distribution changes in size-structured abundance estimates for a data-limited stock of Raja clavata;10.4121/aa23c8b5-5441-4ac9-9e02-808bbf6b872e;10 Sep 2024;321dff26-411a-45e4-b28e-ec9f8b51b996;Accounting for spatio-temporal distribution changes in size-structured abundance estimates for a data-limited stock of Raja clavata;10.1093/icesjms/fsae106;Article
bd90e3ef-a51c-45e2-92b7-c449c4360328;"Dataset underlying the publication ""River plastic transport and storage budget""";10.4121/a8674391-f11b-4920-ade6-4b468af63a6e;29 May 2024;a47df235-f925-41a6-a69d-bc481db59e74;River plastic transport and storage budget;10.1016/j.watres.2024.121786;Article
c79e9e19-4140-4baf-ae62-ce8a229f63ec;Data underlying the publication: Unraveling drivers of local adaptation through Evolutionary Functional-Structural Plant modelling.;10.4121/a826cd0b-e818-451b-b005-3afa417fce41;1 Sep 2024;e3e73168-9fe5-44fa-ba5e-937d5af37be8;Unravelling drivers of local adaptation through Evolutionary Functional-Structural Plant modelling;10.1101/2022.09.02.506361;Preprint
a01ef8bb-2dec-482e-ad40-1b9a2b1ee11f;Data underlying the publication: Geographical location drives microbial community diversity, B-complex vitamin enrichment, and functional properties during mabisi fermentation;10.4121/a7f35193-1cd1-4ee7-ad6b-4690a7c93797;30 Jul 2025;;;;
835bfaf1-3b25-4540-ba82-07777280d9e4;Data underlying the publication: An integrated end-to-end deep neural network for automated detection of discarded fish species and their weight estimation.;10.4121/a6d5a40e-0358-47cf-9ec1-335df0e4a3c3;3 Aug 2023;8c17e4fd-37a6-4058-8652-40403807e7ec;An integrated end-to-end deep neural network for automated detection of discarded fish species and their weight estimation;10.1093/icesjms/fsad118;Article
c3c2b181-0b32-492d-8e1d-f3109305ada1;Ammonia emission experiments field-applied manure conducted in The Netherlands in 1989-2021;10.4121/a5ec3e90-b25e-4ac0-9f18-4ea559cd2abb;19 Feb 2026;bdc4d330-60a5-49d7-8796-17d927782c02;Data repository and R programs for 414 ammonia emission experiments with field-applied manure conducted in The Netherlands in 1989-2021;10.18174/637101;Report
0b3339fa-691b-4ec5-887a-4f130634ea44;Data and scripts underlying the publication: Influence of human hunting strategies and large carnivore presence on population dynamics of European facultative scavengers;10.4121/a5a040e7-de45-4d60-9ac4-eec4e826aa85;30 Sep 2024;;;;
bb2acd46-d8d4-4a2d-8f58-a30a3e6505f7;"Dataset accompanying ""Modelling anaerobic sulfide removal by sulfide shuttling bacteria""";10.4121/a4c30b77-29e9-4249-ba42-ff2ec848e0d6;12 Aug 2024;ae779c11-afac-4a94-99a5-4a382350ae3d;Modelling anaerobic sulfide removal by sulfide shuttling bacteria;10.1016/j.biortech.2024.131064;Article
d40c06b0-3245-4973-867d-f8ce5401cc2a;ERA5 data Pakistan 2022 August for WAM2layers;10.4121/a40bade9-e9ef-4a07-9831-2cab6b53a9d4;28 Feb 2025;1f074503-684c-4a4c-8233-3dac10acc414;WAM2layers;10.5281/zenodo.7010594;Software
19c4e782-95d1-4a3a-a034-d2d5bacac42a;"Data underlying the publication ""Anaerobic sulphide removal by haloalkaline sulphide oxidising bacteria""";10.4121/a3790f5e-9289-4a39-b9e5-e8f25f43d9f5;22 Jun 2023;d7a78475-8912-49b9-8036-1fe916c2ffca;Anaerobic sulphide removal by haloalkaline sulphide oxidising bacteria;10.1016/j.biortech.2022.128435;Article
9074d91d-6f67-4485-a565-fece9bcd1122;Data underlying the publication: Integration of six field studies to assess soil suppressiveness against Globisporangium ultimum under different management practices;10.4121/a24d339a-29ba-4c89-a51b-aefa6c804e2e;3 Dec 2025;;;;
35a24d1a-2459-4341-beb3-da628d37f0e3;"Dataset accompanying ""Revealing cellular (poly)sulphide storage in electrochemically active sulphide oxidising bacteria using rotating disc electrodes""";10.4121/a2279322-c37c-418e-8776-694f10f31d84;29 May 2024;0e77a45b-2e9f-4e5d-87e2-2b5a5da9bb7b;Revealing cellular (poly)sulphide storage in electrochemically active sulphide oxidising bacteria using rotating disc electrodes;10.1016/j.bioelechem.2024.108710;Article
57b7012a-0bdc-4fd0-ae9c-68b3a5598074;Data from: Decades of high nitrogen deposition mainly enhanced eutrophication rather than acidification of Dutch forest soils;10.4121/a2104ec9-2970-46d0-bc0a-15d9e8c1c9c0;26 Feb 2026;;;;
65d8a506-5232-4fb2-ae76-03d471be6104;Dataset underlying the NXTGEN - Ready Made Meals project: Market overview of robot arms and end-effectors;10.4121/a1a18a14-70b5-4a59-9115-15eed82d469b;24 Feb 2026;;;;
eb5369ea-4e3d-4e23-8418-ee3e9d1a405c;Replication dataset for “Migrating subaqueous dunes capture clay flocs”;10.4121/a02c36b4-e689-4181-87d5-cd8ce3b75579;20 Nov 2024;ee1d21b0-de7a-47cb-9179-3d346bf6a2ce;Migrating subaqueous dunes capture clay flocs;10.1038/s43247-024-01901-x;Article
2cc1f14a-b24c-4997-8ce3-9cb22129beb6;Data underlying the publication: Efficiency and energy consumption analysis of bipolar membrane electrodialysis for electrochemical CO2 capture;10.4121/9f0c0dfa-09fc-44c5-85e0-7506dd2a3816;2 Dec 2025;8f60eaf7-6815-4ec6-9ea5-12e821b10a5a;Efficiency and energy consumption analysis of bipolar membrane electrodialysis for electrochemical CO2 capture;10.1039/d5ta04909a;Article
e0f1aa03-85d4-462d-85ac-af730627efd8;Dataset underlying the study: High temperature and eutrophication alter biomass allocation of black mangrove seedlings;10.4121/9da99710-10b9-4221-a6d1-553f754a522f;31 Dec 2023;4b1ad5b3-e29d-4e52-80b7-f35b61d88df4;High temperature and eutrophication alter biomass allocation of black mangrove (Avicennia germinans L.) seedlings;10.1016/j.marenvres.2023.106291;Article
73b6e291-c164-4617-8ea9-43dfdb16bf55;Data underlying the article 'Adaptive guidance for uncertainty: how teachers use scaffolding in transdisciplinary courses';10.4121/9d975c61-6770-41c8-a914-94e73a620260;22 May 2024;;;;
81191796-d763-408d-a47f-7f2264c02f89;Data Underlying the publication: Characterization of extracellular vesicles from Streptococcus thermophilus 065 and their potential capacity as immune modulators;10.4121/9d74337b-f44a-4d68-82db-c3b88662268d;11 Oct 2024;;;;
58ddcdf1-4ec5-434c-8daf-aaa556e75cac;Dataset underlying the publication: Dating Celtic fields with luminescence;10.4121/9b4c88e6-ac97-4d32-ac6d-d8ff21fb19c2;10 Oct 2025;;;;
74859a02-f8b1-42fb-a0a5-62a5a89c7170;Data underlying the publication: Boosting efficiency of mussel seed collection for ecological sustainability: identifying critical drivers and informing management;10.4121/9b381ed1-de8d-4e44-bf52-c4e8bd8669e7;29 May 2024;a3a9205c-a6c4-49ab-ab58-802a82ca0411;Boosting efficiency of mussel spat collection for ecological sustainability;10.1111/1365-2664.14696;Article
9bb5474c-0028-40a6-819b-3db34b6167d3;Landelijk Grondgebruik Nederland versie 6 (LGN6);10.4121/9a7f257e-1132-4c34-ae96-b1a0b815789e;10 Jul 2023;09a492ad-e4bf-48ba-b791-76e19c694971;Landelijk Grondgebruiksbestand Nederland versie 6 (LGN6) : vervaardiging, nauwkeurigheid en gebruik;10.18174/137531;Report
2bba5ad4-c558-4fb6-b714-e84237589fe5;Data underlying the publication: Trait Estimation in Herbaceous Plant Assemblages from in situ Canopy Spectra;10.4121/99bcb217-306e-486b-bcce-63480482d200;5 Jun 2025;d9bb20ca-0282-4b88-8d9d-5116d3750cbb;Trait estimation in herbaceous plant assemblages from in situ canopy spectra;10.3390/rs5126323;Article
fe0b62b3-6700-4553-b705-56acc97cea60;"Data underlying the publication: ""Temperature status of domestic refrigerators and its effect on the risk of listeriosis from ready-to-eat (RTE) cooked meat products"".";10.4121/98b4d5dd-7b07-48c0-bbc7-62a2f10944b1;6 Nov 2023;a81c0c09-986f-4c13-9984-7d2bdccf1677;Temperature status of domestic refrigerators and its effect on the risk of listeriosis from ready-to-eat (RTE) cooked meat products;10.1016/j.ijfoodmicro.2023.110516;Article
d67eb0d4-f172-463a-97c3-e63c3bb5bed6;Data underlying the publication: Variation of viscoelastic properties of extracellular polymeric substances and their relation to anaerobic granule’s mechanical strength in full-scale treatment plants;10.4121/9801224e-4074-47b7-ad5a-6b9c864c2954;6 Dec 2024;9fcb8635-746a-43d0-ba09-7932545722ff;Variation of viscoelastic properties of extracellular polymeric substances and their relation to anaerobic granule's mechanical strength in full-scale treatment plants;10.1016/j.biortech.2024.131233;Article
5d2f19cb-e234-42cd-a1cc-808b2d8a0b7f;"Data for ""Enhancing annotations for 5D apple pose estimation through Gaussian Splatting""";10.4121/976c94f2-028f-4291-adfd-20eb82b0f647.v1;5 Jan 2026;de884a20-f38d-40c1-b39a-6dcddeb19cf4;Enhancing annotations for 5D apple pose estimation through 3D Gaussian Splatting (3DGS);10.48550/arXiv.2512.20148;Preprint
aa922dbd-11a3-4514-84ab-02c7b86d43ed;Dataset underlying publication: De novo DNA-based catch bonds;10.4121/96e43d14-80a6-46e2-819c-9c627cedf10e;10 Jul 2023;;;;
01cb1f3c-be6b-4c75-a08c-174a32e893ed;"Digital Soil Maps underlying the publication ""high-resolution digital soil mapping of amorphous iron- and aluminium-(hydr)oxides to guide sustainable phosphorus and carbon management""";10.4121/96c54816-4e36-4285-89fd-a63e478f9acd;29 Feb 2024;ce6193a6-b562-4a43-b8cd-79bc448f0221;High-resolution digital soil mapping of amorphous iron- and aluminium-(hydr)oxides to guide sustainable phosphorus and carbon management;10.1016/j.geoderma.2024.116838;Article
30ec0561-797c-454d-8957-751e7791286b;"Data underlying the publication ""Genetic Mapping of the Root Mycobiota in rice and its Role in Drought Tolerance""";10.4121/9526a9b6-0690-4829-aed5-e4b88734e6c1;24 May 2023;0d53ca69-7fae-4cfb-b07f-b5218e00097c;Genetic Mapping of the Root Mycobiota in Rice and its Role in Drought Tolerance;10.1186/s12284-023-00641-4;Article
0f5b17ad-00d5-448c-aa77-5204d82e2c28;Data underlying the publication: On-site affordable acid and base production from seawater using bipolar membrane electrodialysis: ion transport and polyelectrolyte multilayer coating;10.4121/93d63993-6224-494f-b215-0af3fd7196a2;16 Feb 2026;b02bf9b2-6381-49f0-8125-2e56e9d396b2;On-site affordable acid and base production from seawater using bipolar membrane electrodialysis: ion transport and polyelectrolyte multilayer coating;10.1016/j.desal.2025.119788;Article
01b2257e-85a1-4959-aa78-45d882931b63;Data underlying the publication: Changed sediment composition prevents recovery of macrobenthic community four years after a shoreface nourishment at the Holland coast;10.4121/922512f4-d13e-4b3a-9b67-d1694aff7c0d;20 Oct 2023;8bbfa937-e6ec-4a63-92b8-8438874a2552;Changed sediment composition prevents recovery of macrobenthic community four years after a shoreface nourishment at the Holland coast;10.1016/j.ecss.2023.108521;Article
2640fb6a-9d84-4931-9a37-c5d8034d75be;Data used in the paper: Compound and cascading droughts and heatwaves decrease maize yields by nearly half in Sinaloa, Mexico;10.4121/8f9ff222-fa1f-46a2-8027-9ca50a1be02b;16 Aug 2024;044a1d89-f450-433c-ab8f-2faec587bfe4;Compound and cascading droughts and heatwaves decrease maize yields by nearly half in Sinaloa, Mexico;10.1038/s44304-024-00026-7;Article
4615cf03-2032-465e-be2a-2c22e568f184;Data underlying the publication: Oxygen-to-Ammonium-Nitrogen Ratio as an Indicator for Oxygen Supply Management in Microoxic Bioanodic Ammonium Oxidation;10.4121/8dbd9669-632e-49b7-826f-2473c1bb7270;28 Jun 2024;c9f546f3-2558-455c-9b31-b7c320552b7d;Oxygen-to-Ammonium-Nitrogen Ratio as an Indicator for Oxygen Supply Management in Microoxic Bioanodic Ammonium Oxidation;10.1016/j.watres.2024.121993;Article
d546307c-56cc-4f43-bf14-6ff974a475af;Vegetation controls on channel network complexity in coastal wetlands - Dataset;10.4121/8d361887-ec02-4472-a8eb-a9d0f3eacfd6;9 Nov 2023;a8f7cb5f-bdfc-40ba-9921-6a89dde02788;SFERE;10.5281/zenodo.8411954;Software
d546307c-56cc-4f43-bf14-6ff974a475af;Vegetation controls on channel network complexity in coastal wetlands - Dataset;10.4121/8d361887-ec02-4472-a8eb-a9d0f3eacfd6;9 Nov 2023;9d1d5365-1a92-4775-88f3-9ca7a750744d;Vegetation controls on channel network complexity in coastal wetlands;10.1038/s41467-023-42731-3;Article
5728abcf-973e-4418-8e7b-9e7e99a70116;Data underlying the publication: Pushing the boundaries of electrochemical ion separation for near-identical ions;10.4121/8aae7661-4af1-4604-9653-8ea10eed0afd;3 Nov 2025;e7ecaf06-06e9-483e-bc82-f0b21121a914;Pushing the boundaries of electrochemical ion separation for near-identical ions;10.1016/j.cej.2025.169668;Article
d9b0ac34-8090-42ea-9f5e-22d10d2b31c8;"Data underlying the publication ""The Lettuce Expression Browser: from lab to LEB""";10.4121/8a593c82-89d4-41ee-8747-4bc7fb07d844;23 Oct 2025;;;;
e15d7bd2-94c2-425a-a0d7-722de3a4f2fb;Ebb-Dominant Mixing Increases the Seaward Sediment Flux in a Stratified Estuary - Data and processing scripts;10.4121/8a09d6ae-a9f5-4197-a849-02639f148365;17 Dec 2024;134baf2f-87af-4566-88cd-2e8f6c38fc93;Ebb-Dominant Mixing Increases the Seaward Sediment Flux in a Stratified Estuary;10.1029/2024JC021201;Article
f87c91eb-733a-446d-b2af-cbf964abf487;Data underlying the publication: Intraspecific plant variation and nonhost herbivores affect parasitoid host location behaviour;10.4121/8994194e-0442-4949-a97b-85593f6e98f9;2 Oct 2023;cf97b3a3-7684-4721-b153-5b8c0d960449;Intraspecific plant variation and nonhost herbivores affect parasitoid host location behaviour;10.1016/j.anbehav.2022.09.021;Article
2400201e-c913-4532-ad83-37717e5468e7;Data and scripts for paper: Why is nutrient cycling in food systems so limited? A case study from the North-Netherlands region. ;10.4121/8899e893-c68a-4fe1-813e-6af228eb0ef1;19 Apr 2024;ea8e6681-b9ef-4172-9908-fc81043980a5;Why is nutrient cycling in food systems so limited? A case study from the North-Netherlands region;10.1007/s10705-024-10352-x;Article
b99c6a51-4bcf-4774-9adf-9db4c1badc90;4DHydro Benchmark Dataset wflow_sbm - Rhine;10.4121/876507b7-4b4a-4e8d-a2d8-868b25ba0fda;23 Oct 2023;b7a29e9d-4255-4360-99a6-eedde0c1b632;Wflow_sbm v0.6.1, a spatially distributed hydrologic model: from global data to local applications;10.5194/gmd-2022-182;Preprint
7f95d532-7108-49f4-adac-4f7128aab343;Landelijk Grondgebruik Nederland 2018 (LGN2018);10.4121/8738f896-f49e-4ae7-8671-50ef893a2cee;2 Jun 2023;3aa03245-3536-42e6-9588-018cf95b12cc;LGN2018: een nieuwe weergave van het grondgebruik in Nederland;10.18174/523996;Report
92cef3e8-45d8-4e7a-96a1-9d6fb0be3916;Data from chapter 4 of the thesis 'Herbivores shape the seascape';10.4121/86ec78aa-288a-44c7-b71e-a34ddec913bf;1 Feb 2024;0baf7980-e0d1-49be-a8c5-f3f091539e1f;Herbivores shape the seascape;10.18174/644664;internal PhD, WU
70377bac-0712-4ebe-8911-3ebb80153e6b;Data underlying the publication: Coupled ADCPs can yield complete Reynolds stress tensor profiles in geophysical surface flows;10.4121/86c505c6-4a33-4d03-8ba5-66a8fef16993;20 Oct 2023;806ce5fb-89ea-4833-b5e4-1b95cc00edb0;Coupled ADCPs can yield complete Reynolds stress tensor profiles in geophysical surface flows;10.1029/2011GL046684;Article
a971cc49-daf7-452e-ac8d-e15e208d3cc1;"Data underlying the research paper: ""Plant species, inundation, and sediment grain size control the development of sediment stability in tidal marshes""";10.4121/844133cd-f6f5-4d2b-ae22-3e19f124d0eb;30 Aug 2024;a88a2f8d-35ed-4141-a488-2ee13995ea78;Plant species, inundation, and sediment grain size control the development of sediment stability in tidal marshes;10.1002/eap.3078;Article
5a7fbd8a-1992-498e-b1c9-b77721da09f7;Data underlying the publication: Species sorting shapes the divergence of a natural bacterial community with repeatable functionality during propagation with alternative substrates;10.4121/82fa6380-c40c-4c40-b5ec-933b0253e6ce;14 Aug 2024;;;;
484f33f6-59dc-42e3-9cfe-0e19be454eae;Data underlying the paper: Multi-species productive grasslands offer advantages over permanent grasslands for arthropod conservation, but preserving semi-natural grasslands remains essential;10.4121/82985fe1-ff55-42ad-ae60-262e486288a9;20 Mar 2025;;;;
942a87c1-b06d-46ea-875e-18147db2d9b0;Data underlying the publication: New potato-life cycle loci identified by using a StCDF1-fixed population;10.4121/827be7dc-f56b-4938-b0f9-7f9d45c93bb1;10 Sep 2025;57413787-7881-4c98-9c3c-a123f59cdb2c;Fertility on demand;10.18174/681020;internal PhD, WU
75c1fbbb-d0c4-4eea-b407-e13c0fea7d2c;Data underlying the publication: Identifying metabolic indicators of physiological ageing during storage of potato seed tubers;10.4121/82788fe4-7b14-47c3-ba64-7be88dc126b9;22 Jul 2025;;;;
0cc1fb3d-690c-4e6c-b264-c3a190dee1b2;Data and model underlying publication: Assessing hydrological model representation of irrigation and subsurface flow in a heavily anthropogenic influenced catchment;10.4121/8183bcd1-f5a8-4923-b82b-c2696a0ab550;10 Feb 2026;;;;
90a49ce2-85a1-43a4-86fc-620d55a44e21;Vegetation plots underlying the publication: Mapping a priori defined plant associations using remotely sensed vegetation characteristics.;10.4121/7f2ee55c-507d-4e58-80f0-e9e5b170fee0;5 Jun 2025;37f60711-fbf2-458f-8dbb-32c12bb99c08;Mapping a priori defined plant associations using remotely sensed vegetation characteristics;10.1016/j.rse.2013.09.030;Article
b0525772-9ffb-44e7-b416-8f2d3090f264;Data underlying the publication: Adaptive adhesive production systems in Zambia;10.4121/7e283c12-c76f-4f8b-8a58-4b188d86798c;8 Jun 2023;a27d95e3-5068-4987-8749-625274272a71;Adaptive Adhesive Production Systems in Zambia;10.2139/ssrn.4493868;Preprint
a296a1b9-9cbd-486c-8729-4504ecc2a2fc;Data underlying the research of Mesophilic Fermentation Explorations for Anaerobic Carboxylates Production from Commercial Bioplastic Products: PHA-based ‘Happy Cups’ & PLA-based Lids;10.4121/7be1be62-529a-4918-a298-27dfc85b83c0;18 Jul 2025;;;;
f67750ff-2d6a-46b1-87d1-20d857ff08b4;Data underlying the research of Efficient Hydrothermal Pretreatment of Mixed PHA/PLA and Consequent Continuous Anaerobic Fermentation into VFA;10.4121/7b56b29c-eeac-4536-95d8-eb8927aba78c;18 Jul 2025;;;;
a0745caf-fde0-4385-b9ad-ae59beab373d;Data from: Soil suppressiveness against Pythium ultimum and Rhizoctonia solani in two land management systems and eleven soil health treatments;10.4121/7af38a8b-fc4e-4d48-b5d2-cba16b24dcf3;12 Apr 2023;838f2be2-efb8-458d-8a1d-13c398291292;Soil Suppressiveness Against Pythium ultimum and Rhizoctonia solani in Two Land Management Systems and Eleven Soil Health Treatments;10.1007/s00248-023-02215-9;Article
506dbe02-dc66-4354-8f7e-d7489f06ce22;Commercial microwave link data for rainfall monitoring;10.4121/7a692e36-c32f-4916-813b-c62d2566e8d8;25 Nov 2019;ec760f2c-4cb5-4383-b2f8-067de129293e;Rainfall retrieval algorithm for commercial microwave links;10.5194/amt-15-485-2022;Article
506dbe02-dc66-4354-8f7e-d7489f06ce22;Commercial microwave link data for rainfall monitoring;10.4121/7a692e36-c32f-4916-813b-c62d2566e8d8;25 Nov 2019;1a7773e4-461b-4943-961a-d92e8223d685;RAINLINK: Retrieval algorithm for rainfall mapping from microwave links in a cellular communication network;;Software
506dbe02-dc66-4354-8f7e-d7489f06ce22;Commercial microwave link data for rainfall monitoring;10.4121/7a692e36-c32f-4916-813b-c62d2566e8d8;25 Nov 2019;d759f20d-ee95-42e0-ad3e-b4c74916fdee;Twee en een half jaar landsdekkende regenkaarten uit radiostraalverbindingen van een mobiel telefonienetwerk;;Article
506dbe02-dc66-4354-8f7e-d7489f06ce22;Commercial microwave link data for rainfall monitoring;10.4121/7a692e36-c32f-4916-813b-c62d2566e8d8;25 Nov 2019;3a49ef13-62d7-4905-9caa-fabb481e3d75;Rainfall measurement using cell phone links;10.1080/02626667.2017.1329588;Article
506dbe02-dc66-4354-8f7e-d7489f06ce22;Commercial microwave link data for rainfall monitoring;10.4121/7a692e36-c32f-4916-813b-c62d2566e8d8;25 Nov 2019;a224861a-1b3d-43a5-a909-b11d2c8a99eb;The effect of differences between rainfall measurement techniques on groundwater and discharge simulations in a lowland catchment;10.1002/hyp.10898;Article
506dbe02-dc66-4354-8f7e-d7489f06ce22;Commercial microwave link data for rainfall monitoring;10.4121/7a692e36-c32f-4916-813b-c62d2566e8d8;25 Nov 2019;d7bd3761-5866-4d42-96ae-610ede5bbfd9;Retrieval algorithm for rainfall mapping from microwave links in a cellular communication network;10.5194/amt-9-2425-2016;Article
506dbe02-dc66-4354-8f7e-d7489f06ce22;Commercial microwave link data for rainfall monitoring;10.4121/7a692e36-c32f-4916-813b-c62d2566e8d8;25 Nov 2019;5d6a1a5d-947c-4818-8c45-0765d2e86e01;Measurement and interpolation uncertainties in rainfall maps from cellular communication networks;10.5194/hess-19-3571-2015;Article
506dbe02-dc66-4354-8f7e-d7489f06ce22;Commercial microwave link data for rainfall monitoring;10.4121/7a692e36-c32f-4916-813b-c62d2566e8d8;25 Nov 2019;cfc1bc85-60c9-4a02-9d3a-038ccfb8cd9e;Country-wide rainfall maps from cellular communication networks;10.1073/pnas.1217961110;Article
8ac6b0c6-23e5-43d7-a834-2cf47e669c56;Supplementary information: Analysis of natural variation in photosynthesis in a panel of Brassicaceae species;10.4121/79a62b5f-2881-4520-b031-e03334c02aad;31 Aug 2023;;;;
69410a66-7244-4202-85bc-f23bfe88a3fd;Annotated images of floating plastic items and water hyacinths;10.4121/78bb4822-7b70-4632-887a-7cacd344024e;6 Sep 2024;;;;
dbf92660-715c-474c-85e5-6e22e94c2ab9;Data underlying the publication: Effect of drying conditions on quality of primed cabbage (Brassica oleracea) seeds and ethanol degradation as promising quality parameter ;10.4121/78b904c2-21ab-40a7-b017-21c545a6b2f6;11 Mar 2025;b06e244b-8697-4ec6-af11-ad344af91c28;Effect of drying conditions on quality of primed cabbage seeds and ethanol degradation as promising quality parameter;10.1080/07373937.2025.2458139;Article
d147a860-4ff3-48de-9538-b832581c0c3d;Geospatial datasets of land reclamation and morphological reconstructions of the Ems estuary since the 16th century;10.4121/78ac0cf9-e9f7-47c7-8c4e-93f7fb2c633e;9 Apr 2024;;;;
15a79ed0-53c3-4ef8-b8a4-3ef64bdf3277;Data from: ‘GreenLight - An open source model for greenhouses with supplemental lighting: Evaluation of heat requirements under LED and HPS lamps’;10.4121/78968e1b-eaea-4f37-89f9-2b98ba3ed865;14 Mar 2024;e60c7cb5-95fa-440c-931b-1e59725bdb18;GreenLight – An open source model for greenhouses with supplemental lighting;10.1016/j.biosystemseng.2020.03.010;Article
cb8d21af-0031-4131-af9b-f571cc8031f9;Data underlying the publication: Effect of increasing the level of detail in modelling the relation between agricultural yield and the drainage base;10.4121/78749828-6401-4065-828b-87c05663c566;9 Feb 2026;;;;
b323c4ee-f89e-414d-aa14-76521caee06a;Dataset: Floating plastic transport and accumulation in Amsterdam 2022-2023;10.4121/77d424f5-fad5-44a8-91d6-01a29d161784;12 Jun 2025;;;;
f3b02f51-a5fa-4ff8-8f0d-7c740d3c740f;Data Underlying: Expansion Microscopy Reveals Thylakoid Organisation Alterations due to Genetic Mutations and Far-Red Light Acclimation;10.4121/75fa3c66-8505-4d6a-9bd9-16973e5ca885;28 Jan 2025;;;;
ef209053-9ffb-4369-b2ab-b975331ef87e;TTADDA_WUR_2023: A subset of the multi-season RGB and multispectral TTADDA-UAV potato dataset;10.4121/75c01fac-f00a-4980-8cd8-cd4499f1aa98;3 Sep 2025;263d1660-271c-4851-ae8b-acfe8f140e8b;TTADDA-UAV: A multi-season RGB and multispectral UAV dataset of potato fields collected in Japan and the Netherlands;10.1016/j.dib.2025.112004;Article
b8a94ac7-5ec0-4f44-a7be-bc3a6434811a;Dataset for the article: Artificial permafrost dynamics measured through 3D time-lapse electrical resistivity tomography;10.4121/74ef313b-7c9b-4687-a505-3f42b6dff0b4;26 Apr 2024;;;;
fd849378-0e37-42a7-a00b-393a0540effc;Luminescence dating results from the research project: Subsurface stratigraphic controls on subsidence and carbon sequestration in Mississippi Delta diversion receiving basins;10.4121/7410bf0c-caa3-4213-8f8d-d7206760f1a2;22 Nov 2024;;;;
37cf8c08-0445-4bb8-a473-08bce74c6f35;Data underlying: Photodamaged PSII does not accumulate in the non-appressed thylakoid membranes in the absence of PSII repair;10.4121/731a604c-72bc-4aea-9197-51c7a2bef42c;13 Jan 2026;7d193b12-a9e8-4bda-80e9-eadaa1e3e6e8;Photodamaged PSII does not accumulate in the non-appressed thylakoid membranes in the absence of PSII repair;10.1016/j.jphotobiol.2025.113317;Article
df7eabbe-db24-49fc-a55a-57411909b237;4DHydro WP5 exp 1.0 dataset wflow_sbm - Tugela River;10.4121/7305a608-bb1e-4318-8f86-24a3582361ad;14 Jun 2024;;;;
f001794b-5666-44a2-a65f-75d28a6f2f39;Data underlying the publication: Physiological responses of basil to low oxygen availability in soilless culture;10.4121/72f24086-fe15-42a0-830f-d87de252d902;19 Mar 2025;;;;
8a0e3bdc-cc62-459d-affa-67801a8054b6;"Dataset and R-code associated with ""Phylogenetic pattern of a clade-specific trade-off between resistance and tolerance to insect herbivory in Brassicaceae plants""";10.4121/72a140b0-a941-4c3a-a210-175d63933ae0;23 Jan 2026;;;;
61b5a5f6-d2b0-410d-bd12-70d7de604c0e;Data underlying the publication: Diverse cropping systems lead to higher larval mortality of the cabbage root fly (Delia radicum);10.4121/728a07f5-d9b0-468e-81c2-674a622221e7;3 Nov 2023;73ca74d7-7033-4535-b10d-8595cd6859fc;Diverse cropping systems lead to higher larval mortality of the cabbage root fly (Delia radicum);10.1007/s10340-023-01629-1;Article
51119407-bff3-4ff5-a0f6-d961b3d4696d;Sharing High-Quality LC-MS/MS Spectral Data of over 100 Emerging Chemical Risks in the Food Chain;10.4121/720eea22-0dee-4ea0-b5d2-fbc7b45095c4;28 Oct 2024;;;;
be0bfe2e-a9e5-4c8a-b3ad-2bf9ea8020ba;"Data and code belonging to the article ""Too much of a good thing? Estimating the trade-off between voter turnout and the representativeness of election results when studying turnout shocks.""";10.4121/70a2edc7-5fa9-455c-8eca-3bbf2047bc06;24 Sep 2024;;;;
09568b7e-c267-487f-b361-b360d452dda7;Wflow_sbm simulation results underlying the publication: Simulation of long-term dynamics of headwater reservoirs across the globe using public cloud computing infrastructure;10.4121/6f7fa018-5498-4e44-be71-2878214695ca;31 Jan 2024;59094b66-9775-448a-8a16-3fd1c6e1c861;Simulation of long-term storage dynamics of headwater reservoirs across the globe using public cloud computing infrastructure;10.1016/j.scitotenv.2024.172678;Article
35ebfd30-a72a-44af-84d2-0a4a80efe5e1;Amsterdam floating litter dataset August 2022;10.4121/6ee9946f-9ff5-4019-9d91-03e1c5283210;8 Nov 2023;1d936ed6-1022-469c-b56c-0d0f9d4a633c;Defining plastic pollution hotspots;10.1016/j.scitotenv.2024.173294;Article
4f87377f-00a2-4736-b17c-ad31154dbdb1;"Data underlying the publication: ""Nature-based mitigation of shoreline erosion risks in tidal marshes created by managed realignment vs. sediment nourishment""";10.4121/6ee17a0b-2d29-485c-9e1e-1f56648ddefc;12 Nov 2024;00f1c22c-ade5-4213-a28f-cb5ef1022266;Nature-based mitigation of shoreline erosion risks in tidal marshes created by managed realignment vs. sediment nourishment;10.1016/j.ecoleng.2024.107439;Article
4cc94af9-13d8-4994-a5d1-848cd83e663d;Data underlyling the publication: Mind the Gap: Misalignment Between Drought Monitoring and Community Realities;10.4121/6edb96df-569e-41e8-9e6c-ba0a324c4729;10 Nov 2023;e70a62a5-d455-4b69-8a39-816dea29ebeb;Mind the Gap: Misalignment Between Drought Monitoring and Community Realities;10.5194/egusphere-2023-2726;Preprint
b2ea0950-04e3-4c16-abf4-fccc8ba691bd;Dataset underlying the publication: Machine learning for predicting spatially variable lateral hydraulic conductivity: a step towards efficient hydrological model calibration and global applicability;10.4121/6e994451-5c8e-41c6-a9e3-4f7343bec22a;27 Aug 2025;;;;
7ef1f712-7558-4fd7-b1f1-a51c6fcc8605; Data underlying the publication: Hydrological consequences of controlled drainage with subirrigation;10.4121/6e5f65f6-530f-438d-8e43-3593e259aaba;28 Sep 2023;eed77998-fa45-471a-b4f9-ef31186b93b5;Hydrological consequences of controlled drainage with subirrigation;10.1016/j.jhydrol.2023.130432;Article
4b746284-c485-4613-b68c-08e8f303ea9a;Data underlying the publication: Tipping points in river deltas;10.4121/6e48e789-42b0-442a-bf00-f78fbb1d809a;20 Jun 2024;;;;
94074114-0379-4dfb-9304-816fee2ef307;4DHydro WP5 exp 2.1 dataset wflow_sbm - Po River;10.4121/6e14e25b-cb2b-434e-a852-1340ed8f0eda;19 Sep 2024;;;;
3eb95bde-a96e-4cea-bc8c-fbd9c4ce1510;Data underlying the publication: Sensitivity analysis of the Substance Emission Model v2.1.2 component of the Greenhouse Emission Model;10.4121/6c61effc-9d0c-4246-8a22-ad7618f4f278;31 Oct 2024;004fb592-e7f0-4f6b-b7a8-fc57bb9c5c88;Sensitivity analysis of the Substance Emission Model v2.1.2 component of the Greenhouse Emission Model;10.18174/676542;Report
48cf2d97-0c06-42b0-9e95-071bb1362aad;Data underlying: Expansion Microscopy Resolves the Thylakoid Structure of Spinach;10.4121/6c533845-bfec-49d1-8e24-e8984a881bb1;2 Nov 2023;7857bb2e-e6b7-44d9-a879-79874332e400;Expansion microscopy resolves the thylakoid structure of spinach;10.1093/plphys/kiad526;Article
0a833b8d-bedb-42e7-b6fc-8ec6c6a585f6;Data voor de publicatie: Scenarioopbouw en modellering MESN;10.4121/6c328085-bb0e-4e53-9eb2-6264426e53f9;12 Feb 2026;;;;
b45b2362-4b25-4c12-bfd0-d4686a72af92;Oxford Nanopore long-read genome sequencing of mutants in Streptococcus suis strain P1/7 constructed using pSStarget, a novel plasmid-based CRISPR/Cas9 genome editing system;10.4121/6affb4a6-2893-41e8-bdf8-d276247d7d19;26 Jul 2023;f4fa2458-41ca-4829-b72b-d164e125d8b8;Precision Genome Engineering in Streptococcus suis Based on a Broad-Host-Range Vector and CRISPR-Cas9 Technology;10.1021/acssynbio.3c00110;Article
25fe0775-826c-4e99-971b-4db75e84c466;Spatially explicit environmental variables at 25m resolution for spatial modelling in the Netherlands;10.4121/6af610ed-9006-4ac5-b399-4795c2ac01ec;29 Jan 2024;1254b05a-2f44-4ffe-8fe7-794d40dacf5b;BIS-4D;10.5194/essd-16-2941-2024;Article
25fe0775-826c-4e99-971b-4db75e84c466;Spatially explicit environmental variables at 25m resolution for spatial modelling in the Netherlands;10.4121/6af610ed-9006-4ac5-b399-4795c2ac01ec;29 Jan 2024;d5f18780-2257-4a67-a3d8-b28ff738a9e7;BIS-4D: Mapping soil properties and their uncertainties at 25 m resolution in the Netherlands;10.5194/essd-2024-26;Preprint
15468262-d46d-4b6c-943d-9a588801709a;Data for Sustainable intensification: time to question the goal of ever-increasing agricultural production;10.4121/6ad60e09-0c71-482d-9d4d-44a0353a3ee8;14 Oct 2025;;;;
09e8c6a5-b4b2-4454-920d-42f03a027c95;Model data underlying the publication: Drought mitigation as a driver of flood risk: Assessing the trade-offs induced by Natural Water Retention Measures;10.4121/6ac0cbc7-58e1-4210-bd68-639e20174454;4 Nov 2024;;;;
f527effe-def9-42d5-99a2-95a2667e24d9;Data underlying the article: Chilling Tolerance of Basil Is Not Affected by UVB/C: A ¹H NMR Study;10.4121/6889bdd2-7398-45e9-9699-92f89efb6951;8 Jul 2025;;;;
c59bf001-c9e0-40d8-a489-5300385fad59;Landelijk Grondgebruik Nederland 2022 (LGN2022);10.4121/688363cc-8c79-439f-bb0e-fe5d0deb3161;6 Oct 2023;909e9b07-dba6-4737-9862-d8de884bb0ef;Landelijk Grondgebruiksbestand Nederland 2021 (LGN2021) : achtergronden, methodiek en validatie;10.18174/585714;Report
3067ba91-498f-49e2-ad19-1ab0ffad2e36;Data underlying the publication: Assessment of the enhanced weathering potential of different silicate minerals to improve soil quality and sequester CO2;10.4121/68023c4b-7d87-499f-8cf9-537a68486e99;28 Jun 2024;cff85fab-78b7-4b05-bd4d-34c50eeccb53;Assessment of the enhanced weathering potential of different silicate minerals to improve soil quality and sequester CO2;10.3389/fclim.2022.954064;Article
69c38bed-6c08-4727-b8f4-efbcc7e50d1a;Data underlying the publication: Comparing Global Violations of Environmentally Critical Groundwater Discharge Thresholds;10.4121/674ab90f-1960-430e-800c-b64f5ccbd9ae;3 Apr 2024;49ae8d92-945b-4a32-ab03-2c7ae9484fe9;Comparing Global Violations of Environmentally Critical Groundwater Discharge Thresholds;10.1029/2024WR037519;Article
69c38bed-6c08-4727-b8f4-efbcc7e50d1a;Data underlying the publication: Comparing Global Violations of Environmentally Critical Groundwater Discharge Thresholds;10.4121/674ab90f-1960-430e-800c-b64f5ccbd9ae;3 Apr 2024;41687e91-2349-49fc-8318-6faed9891929;Global violations of environmentally critical groundwater discharge;10.5194/egusphere-egu23-5534;Preprint
3c8316f7-206a-4e90-987d-26950c3b2927;"Maps of irrigated area of the Rhine basin developed in the research ""Identifying irrigated areas using land surface temperature and hydrological modelling: Application to Rhine basin""";10.4121/66647538-ed17-4dd2-9af8-962ed0c61177;1 Jul 2024;42d4459b-2575-4710-96c7-c43198e65ad9;Identifying irrigated areas using land surface temperature and hydrological modelling;10.5194/hess-29-1483-2025;Article
a0954b0f-5292-43cc-8b1e-779208b274f3;Data underlying the publication: Effective integration of drone technology for mapping and managing palm species in the Peruvian Amazon, Madre de Dios Region (2019-2022);10.4121/6655948c-c8a2-4b2e-bab2-efe1aa7192dd;6 Mar 2025;;;;
3de425f6-d445-4167-98fe-237159997f2c;"Data presented in the paper ""Non-linear effects of non-host diversity on the removal of free-living infective stages of parasites""";10.4121/64220d63-9bbf-454a-a82e-b414eb11da69;23 Oct 2023;0de83219-0309-4006-a84e-a0580ca161a3;Complex effects of non-host diversity on the removal of free-living infective stages of parasites;10.22541/au.160752408.87047983/v1;Preprint
28290c9e-c97b-4f37-9aa7-fdeea8b09e91;"Dataset for ""Identifying Local Gradients in Methane Producing Biocathodes""";10.4121/6350e7f5-2950-4dfa-acb9-c4ca249392fd;11 Aug 2025;;;;
062e252a-44b3-4fc9-98e3-79c886c1811f;Data underlying the master thesis: Factors influencing invertebrate diversity on green rooftops in the Netherlands;10.4121/61d3c5c7-4dba-485f-8c95-0f8bf72d5046;28 Jan 2026;;;;
40703421-3a90-4136-9c07-af78b82d233e;Data and scripts underlying the publication: Quantifying the Spatial Scales of Animal Clusters Using Density Surfaces;10.4121/61be5dd9-7880-48dc-bacf-36afbc3033ee;28 May 2025;;;;
c6a2c4b5-9ce6-4fb9-8147-f543e47dd3a4;"Data underlying the publication ""Loss of olfaction reduces caterpillar performance and increases susceptibility to a natural enemy""";10.4121/610e707d-b10a-467e-8afe-ead477827914;22 Nov 2024;c178e2f4-857b-409a-abe3-7522d4bf9a85;Loss of olfaction reduces caterpillar performance and increases susceptibility to a natural enemy;10.7554/eLife.105585;Article
8eb18165-bf10-4ab5-ae78-77b745cd0d25;"Data and scripts for ""Acoustic Profiling of Suspended Sediment Concentration in a Hyperturbid Tidal Environment""";10.4121/60df7c4f-ca47-4ad0-8a7d-1962077ed09d;20 Oct 2025;;;;
11ab6ec8-28d0-4921-a17f-859246be398b;Dataset underlying the publication: Revealing spatial patterns of lateral hydraulic conductivity through sensitivity analysis;10.4121/6026ee8f-1e37-4760-abb6-b0a6251b3089;19 Mar 2024;3d0cb7bb-910b-4cf4-848c-bb4e4a9f905a;Revealing spatial patterns of lateral hydraulic conductivity through sensitivity analysis;10.22541/au.173556015.53845140/v1;Preprint
11ab6ec8-28d0-4921-a17f-859246be398b;Dataset underlying the publication: Revealing spatial patterns of lateral hydraulic conductivity through sensitivity analysis;10.4121/6026ee8f-1e37-4760-abb6-b0a6251b3089;19 Mar 2024;f0aa7c21-a0b8-4ccf-ae2b-5f994206020d;Revealing spatial patterns of lateral hydraulic conductivity through sensitivity analysis of wflow_sbm;10.5194/egusphere-egu24-7599;Preprint
9c152d97-1ee0-4fba-9425-5cec2106dd79;Data from chapter 8 of the thesis 'Herbivores shape the seascape';10.4121/6001e291-3c9e-4d33-9513-3581eeaeaf84;1 Feb 2024;0baf7980-e0d1-49be-a8c5-f3f091539e1f;Herbivores shape the seascape;10.18174/644664;internal PhD, WU
03b1a250-9547-4215-8e61-80fbaf5b01c7;Data from: 'A plea for open source greenhouse climate modelling';10.4121/5f8d63eb-010b-4b68-bc9d-c5aa318e0572;12 May 2025;162c7b90-d192-414f-9f92-44176a3a37f2;A plea for open source greenhouse climate modelling;10.17660/ActaHortic.2025.1425.40;Article
b13e455d-b72b-4a84-b7ed-4a5a5698f556;Chemical and population data for Nasonia vitripennnis females collected from the Hoge Veluwe;10.4121/5e6b4b53-6188-4254-a729-47991bbb8832;10 Nov 2023;542800f3-e327-4a78-aa46-4f8e38a7f497;Chemical and population genetic analysis show no evidence of ecotype formation in a European population of the parasitoid wasp Nasonia vitripennis;10.3389/fevo.2023.1232639;Article
58f50153-adb2-47f4-8a83-95d04679637f;Data underlying the publication: Differences in bed elevation shape subtidal mussel bed stability under high-energy hydrodynamic events;10.4121/5e0d79c5-cf72-4868-a3dc-a4aa9d9a59ce;18 Jul 2025;51eabfb5-88d6-45fb-8669-c444483dbe7f;Differences in bed elevation shape subtidal mussel bed stability under high-energy hydrodynamic events;10.1002/lno.70005;Article
e9f21429-ba25-4d2b-950d-69bcf17dd349;Data underlying the publication 'Boron Adsorption to Ferrihydrite with Implications for Surface Speciation in Soils: Experiments and Modeling' ;10.4121/5db5f6df-0675-440f-b846-db86aafabb47;5 Feb 2024;0154438d-cc9a-4067-b5ca-d2286b2fb997;Boron Adsorption to Ferrihydrite with Implications for Surface Speciation in Soils;10.1021/acsearthspacechem.0c00078;Article
b14e20ff-8495-4a9d-91fe-4b88e57e1d3c;"Data underlying the publication ""Nitrous oxide emissions after struvite application in relation to soil P status""";10.4121/5b750431-a5dd-43e7-a706-e0c7296a79ae;1 Aug 2023;4a2d0628-8316-474a-88d7-10387ae1e4b8;Nitrous oxide emissions after struvite application in relation to soil P status;10.1007/s11104-023-06036-0;Article
9b4cf214-0d6b-45fc-a0a0-381056bd6e18;Data underlying the publication: Tree-SLAM: Semantic object SLAM for efficient mapping of individual trees in orchards;10.4121/5b453456-60ef-4fc7-a3af-d6609906d85c;7 Nov 2025;94dbf107-abb4-4288-bd7b-7bd7d358d877;Tree-SLAM: Semantic object SLAM for efficient mapping of individual trees in orchards;10.1016/j.atech.2025.101439;Article
47564ad1-90b0-4028-9542-6f5d93ca4775;Data underlying the publication: Plant Factories Are Heating Up: Hunting for the Best Combination of Light Intensity, Air Temperature and Root-Zone Temperature in Lettuce Production;10.4121/5a7472f0-8a67-4ec0-84c9-9d032990d654;30 Oct 2025;a1c44bbd-0398-42ce-8958-efd2babeffe7;Plant Factories Are Heating Up: Hunting for the Best Combination of Light Intensity, Air Temperature and Root-Zone Temperature in Lettuce Production;10.3389/fpls.2020.592171;Article
0ccc54f6-61fa-480d-9ed0-006a07228126;4DHydro WP5 exp 2.1 dataset wflow_sbm - Tugela River;10.4121/59d94d48-21c3-40c5-b120-5d543b865737;19 Sep 2024;;;;
e83003f6-ba0f-4ea3-bd94-fd3d3819746b;Experimental data: Starvation combined with continuous anode potential triggers intracellular electron storage in Geobacter dominated electro-active biofilms ;10.4121/57265539-f6f7-411a-9b2f-f84dbec7cdda;13 Apr 2023;28eac737-f675-4bbe-8ab4-0fedaccbd34e;Starvation combined with constant anode potential triggers intracellular electron storage in electro-active biofilms;10.1016/j.watres.2023.120278;Article
d1e5ffe4-d762-4c21-8075-b4bdbb6d4cbf;4DHydro Benchmark Dataset wflow_sbm - Po;10.4121/571fb9c3-3674-414c-8d03-f5ebbd027a64;23 Oct 2023;b7a29e9d-4255-4360-99a6-eedde0c1b632;Wflow_sbm v0.6.1, a spatially distributed hydrologic model: from global data to local applications;10.5194/gmd-2022-182;Preprint
3e5da6ce-89be-4861-90ba-afa7ddcfe939;Data from: 'Effects of reduced tillage on (cash) crop yields, soil quality and other ecosystem services - Results from 2009 till 2022 of the long term experiment BASIS, the Netherlands';10.4121/5708634c-05b4-40e2-9d3e-9c12fcad7882;13 Dec 2023;85438b41-f227-4349-ade9-4716644e6c60;Effects of reduced tillage on (cash) crop yields, soil quality and other ecosystem services : results from 2009 till 2022 of the long term experiment BASIS, the Netherlands;10.18174/635821;Report
a379bda1-b732-42ff-be57-b374ffeef967;"Supplementary material Chapter 4 of PhD thesis: ""To Rebehold the Cell: Natural and Synthetic Cell Cycles Through the Lenses of Macromolecular Motion""";10.4121/56e91fd7-80f0-4be7-b00c-d68be375675e;1 Feb 2024;a5508f44-5797-453b-8f67-704f781a2ce9;To rebehold the cell;10.18174/648280;internal PhD, WU
1e2165d9-a498-40d6-94ef-d726a9c571d0;Data from: Anthropogenic disturbance modifies spatial patterns of reef sharks;10.4121/55d6d2ab-73fc-41c4-beb6-3aa787808a54;24 Feb 2026;;;;
a9d60b33-b7e4-47e7-b2e5-1f86f2c0607d;Landelijk Grondgebruik Nederland 2023 (LGN2023);10.4121/5338c598-6b00-4ae8-9355-80651428a8e4;28 May 2025;909e9b07-dba6-4737-9862-d8de884bb0ef;Landelijk Grondgebruiksbestand Nederland 2021 (LGN2021) : achtergronden, methodiek en validatie;10.18174/585714;Report
abe344ed-911b-4b26-b4a6-fa31898e8589;"Data and model files presented in ""Headland bypassing: Moderate storms dominate extreme events""";10.4121/5232674a-4255-465f-bd36-306e9a0a9a97;22 Aug 2024;317a40b3-22da-4afc-bcc0-1b4af0f36c1d;Headland bypassing: Sediment budget dominated by moderate rather than extreme events;10.5281/zenodo.17035083;Preprint
24ae9574-83be-4c17-a469-77ec6381b2df;Data and scripts underlying the publication: Urban scaling of well-being for cities in the Netherlands, the urban centre versus the functional urban area.;10.4121/50ad4bd7-7e12-4ed7-aca9-c51f47141410;3 Nov 2025;1cecf052-d4d1-496e-9a60-46df1f02e1b3;Urban scaling of well-being for cities in the Netherlands, the urban centre versus the functional urban area;10.2139/ssrn.5676007;Preprint
5de1bcc7-91f0-476f-a7e5-9561613f07bd;Data and code associated with: Steric hindrance for glyphosate adsorption to metal (hydr)oxides: a novel modelling approach for organic matter-mineral interactions;10.4121/5031018e-5d72-4757-90f0-45e0cd1fdc34;14 Oct 2025;5142d24b-c4c6-4679-8832-42022ef69e8a;Steric Hindrance of Glyphosate Adsorption to Metal (Hydr)oxides;10.1021/acs.est.5c04207;Article
0da30c7b-c613-42d6-8612-7b7918c8653d;"Data set belonging to paper ""Hungry rivers—Insights from a sediment budget""";10.4121/4f5acb1b-9828-4cbe-bbf4-79d36ec9a697;30 Jan 2026;cc3e15c3-c1c0-4392-ad86-d27d7e3beb4e;Hungry rivers—Insights from a sediment budget;10.1002/esp.70196;Article
da5b4ce9-ed08-41d6-a244-6667c7339c25;Data and scripts underlying the publication: Unveiling the roles of temporal periodicity, the spatial environment and behavioural modes in terrestrial animal movement;10.4121/4ed0e7cd-50e7-4bc4-aae7-289fc0e38dc2;4 Jul 2024;;;;
debb648d-acfb-4c1c-bddb-a6ac708c58fd;Data underlying the publication: Improved flow velocity estimates from moving-boat ADCP measurements;10.4121/4e9fe689-744b-4d55-9828-da4b7e02d408;20 Oct 2023;18a319e6-61c0-4ab6-93d7-ded02121b9e0;Improved flow velocity estmates from oving-boat ADCO measurements;10.1002/2013WR015152;Article
41843414-0dd0-4b1e-befb-d19b30ce66c1;Data for creating 3D and 4D images of tomato plants using the BABETTE Pro Platforms;10.4121/4ddf9a65-e67e-4276-83cd-d925b93befc0;25 Jun 2025;d80bf50f-02de-47d7-84f5-2fd4d7bf2b42;Travel in time with BABETTE;10.18174/680245;EngD Thesis
636077bb-8240-4bb1-8e60-0897eb54eebb;Data underlying the publication: Influence of diet on mating behaviour in the black soldier fly (Hermetia illucens).;10.4121/4d34a6ec-b683-4166-acca-d156d5addc19;28 Nov 2024;;;;
659c365b-3726-4c44-9b75-fa948f1956a2;Data underlying the publication: Arthropod predator identity and evenness jointly shape delivery of pest control services;10.4121/4cecc6f9-f604-436b-94af-f49fdfc515e4;5 Oct 2023;08ebab02-be9c-468f-9e9e-0850773766cc;Arthropod predator identity and evenness jointly shape the delivery of pest control services;10.1002/ps.7779;Article
72c7f5bd-32c3-4900-9c27-cdd5f727c886;"Data underlying the publication: ""Recovery of microbial biomass and purification performance after scraping of full-scale slow sand filters""";10.4121/4cbdb034-a2a0-42f6-9804-86f260d088a3;23 Apr 2024;1e962241-f452-4aff-8044-837b736b2db1;Recovery of microbial biomass and purification performance after scraping of full-scale slow sand filters;10.1016/j.jwpe.2024.105101;Article
6fd5b49d-7ad4-4170-a2fa-c942421b603d;Data underlying the study: Black mangrove seedlings have a direct dampening effect on increasing porewater pH: a mesocosm study;10.4121/4c9843f7-d2d1-4591-859b-2be79a42ebac;28 Oct 2024;;;;
c837394a-e021-4d9f-b141-b3e6fdcb0cb1;"Data underlying the PhD thesis ""Precision nutrition for cardiometabolic health: insights from human dietary intervention studies""";10.4121/4c08e194-9715-4f5c-8515-55df53d2a3eb;16 May 2023;68b064ea-6a3c-4f83-b2cd-e468e8eea312;Precision nutrition for cardiometabolic health: insights from human dietary intervention studies;10.18174/591161;internal PhD, WU
edec9472-ccc7-4251-89e8-1d94b26b723e;Data on: Effects of soil and water conservation measures on event-based hydrological responses and sediment yield at semi-arid catchments of Tigray, Northern Ethiopia;10.4121/4bed0b1d-abc6-4d12-a0d2-3e8678337373;3 Mar 2026;;;;
238438f9-f572-4806-ac69-6b44a75986a3;Data underlying the publication: Nitrous Oxide as a Major Product of Anoxic Bioanode Ammonium Oxidation: Pathway Insights and Implications;10.4121/4b6b112f-d2ce-4f8c-867f-70bb651f27b5;8 Jul 2025;;;;
d6ab245e-2fd1-4080-bf91-ce0721ea2792;"Dataset underlying the publication: ""MoGAAAP: A modular Snakemake workflow for automated genome assembly and annotation with quality assessment""";10.4121/4b39da65-2eef-4e05-8583-25f8850cf932;17 Feb 2025;3a6fad9a-e7d9-42ca-883f-e9015efde965;MoGAAAP: A modular Snakemake workflow for automated genome assembly and annotation with quality assessment;10.1101/2025.08.26.672321;Preprint
d6ab245e-2fd1-4080-bf91-ce0721ea2792;"Dataset underlying the publication: ""MoGAAAP: A modular Snakemake workflow for automated genome assembly and annotation with quality assessment""";10.4121/4b39da65-2eef-4e05-8583-25f8850cf932;17 Feb 2025;ae66c19b-58b9-4a1f-8e52-bb78e89baae8;MoGAAAP;10.5281/zenodo.14833021;Software
0dc72cbf-625f-4dd8-a67d-2aac07b17dd3;Dataset underlying the publication: Luminescence dating approaches to reconstruct the formation of plaggic anthrosols;10.4121/4ad5c9b3-f0f1-4757-b845-681268a707e4;19 Apr 2024;2f050f17-8e52-4422-80b4-2b856b9a3ae9;Luminescence dating approaches to reconstruct the formation of plaggic anthrosols;10.5194/egusphere-2023-2471;Preprint
0aaeea77-b02a-4565-a8c1-6ef64daab5bf;Supporting data for PhD dissertation: Tracking dunes: On the morphology, interactions and sediment fluxes associated with multi-scale river dunes.;10.4121/4998fc97-f22e-4d2f-ac9d-0c399c855462;31 Dec 2024;830fee2a-6cb5-4972-87e8-9341b70479e9;Tracking dunes;10.18174/659502;internal PhD, WU
5c3726f9-e017-4d91-b7e4-224a5349b1d4;Supplementary material of: Impact of genomic selection on genetic diversity in five local European cattle breeds.;10.4121/492436f4-dc41-42a1-9c79-ab886089b28e;20 Jan 2026;45025549-60c5-4229-abfb-d678a193d2c9;Impact of genomic selection on genetic diversity in five local European cattle breeds;10.1101/2025.09.08.674844;Preprint
b9bf049b-65b2-4aeb-bdfa-e25967b40aa2;Supplementary materials for the article: Insect Evolutionary Developmental Transcriptomics - Evolutionary Divergence Drives Shifts in Developmental Transcriptomic Conservation;10.4121/47c9deda-29de-4790-ad63-de98999d9792;16 Oct 2025;;;;
4775774a-d399-469a-a3a9-5d0646f28e4a;Data and models for paper 'Quantifying basin-scale changes in groundwater storage using GRACE and one-way coupled hydrological and groundwater flow model in the data-scarce Bandung groundwater Basin, Indonesia';10.4121/4717831d-5f3c-4cbc-a616-a7cb595de7ff;11 May 2023;4504e8bf-d5d5-4f72-9760-6954385fc72e;Quantifying basin-scale changes in groundwater storage using GRACE and one-way coupled hydrological and groundwater flow model in the data-scarce Bandung groundwater Basin, Indonesia;10.1016/j.gsd.2023.100953;Article
d63b87be-6ea8-4408-92f9-2fbdebe9b039;"Replication data for ""Information frictions, overconfidence, and learning: Experimental evidence from a floodplain""";10.4121/46fa1840-6522-45cd-b36c-038b259c4c95;27 Jun 2024;;;;
73bc34c7-8f61-4ff7-85d7-dff520031f88;Data underlying the publication: Extreme river flood exposes latent erosion risk;10.4121/462c272c-68ee-4c97-a3be-beb4029c22ed;9 Jul 2025;;;;
fd0fee1c-320f-4a71-b633-5b9e520a49d4;"Data and Code underlying the article: ""Forest Disturbance and Recovery in Peruvian Amazonia""";10.4121/44f7b164-d85e-49a5-b0db-64f3f71772fb;22 Mar 2023;eccf38bf-6907-4585-9311-14b5907f92dc;Forest disturbance and recovery in Peruvian Amazonia;10.1111/gcb.16695;Article
7300127d-403d-4caa-907b-125abd627427;Data underlying: Ionic regulation of thylakoid membrane architecture: Mg²⁺-driven destacking and restacking visualised;10.4121/449bac03-b291-4226-8484-944670081432;26 Feb 2026;;;;
da7f589c-47f9-4b88-a264-53ac9bdb14ae;Data underlying the publication: MOSAIC: a highly efficient, one-step recombineering approach to plasmid editing and diversification;10.4121/4464ab86-9214-49b3-a808-10ca655385a6;14 Mar 2024;d769a411-fada-4b00-bf5d-e7d5e34307db;MOSAIC: a highly efficient, one-step recombineering approach to plasmid editing and diversification;10.1101/2024.03.22.586135;Preprint
245cef17-8827-47b0-8b64-093103f4fc15;Landelijk Grondgebruik Nederland 2024 (LGN2024);10.4121/42a0af60-7236-44fb-b33c-56a374e2c504;22 Jul 2025;;;;
69c1d1e1-f2a6-44e6-8bc8-0f69d0dc4e34;"Data and models for papers: ""Does scale matter?"" and ""The environmental impacts of the scale of circularity in food systems""";10.4121/429ce46c-c7cc-4ebf-a78f-edd479d60305;11 Dec 2025;7f943130-7ee8-41d7-8c81-3d907238861c;Does scale matter? How local sourcing affects land use for circular food systems in the Netherlands;10.1016/j.agsy.2025.104436;Article
fe3fb07e-2cab-4168-8c52-fd6fcd711a5d;Experimental Data: Energy-efficient carbon capture through electrochemical pH swing regeneration of amine solution;10.4121/429b881d-3cbf-4618-8e27-05b6629598f1;5 Sep 2024;d301bff8-6663-4a1c-8d0a-d9be695690ca;Energy Efficient Carbon Capture through Electrochemical pH Swing Regeneration of Amine Solution;10.1021/acssuschemeng.3c08430;Article
71570af7-b515-4fc1-99ac-c550ac7aa289;Data underlying the publication: Bimodality in subaqueous dune height suggests flickering behavior at high flow;10.4121/414d3153-49aa-4d5b-8635-a8b35ef8b440;6 May 2025;c6187636-6a22-47c9-b6df-f451e5432494;Bimodality in subaqueous dune height suggests critical transition at high flow;10.21203/rs.3.rs-3975821/v1;Preprint
17f4ce55-1fa9-4516-9b43-504bb073ae88;Data underlying the publication: Biorefining of Thermoplastic Starch (TPS) via Depolymerization and Methane Arrested Anaerobic Digestion;10.4121/4112fbf6-44cd-4f07-a0e1-0843c8e6ba35;16 May 2025;;;;
7feddd61-c10c-4cee-99eb-c3a474b7d4a6;"Data underlying the publication: ""Salt marshes for nature-based flood defense: sediment type, drainage, and vegetation drive the development of strong sediment beds""";10.4121/408021f9-8576-4175-924f-9ad81866b8cf;8 Jul 2024;9242c219-1088-4bab-a8ce-cd2b07cd10ab;Salt marshes for nature-based flood defense: Sediment type, drainage, and vegetation drive the development of strong sediment beds;10.1016/j.ecoleng.2024.107335;Article
db25743c-9918-4643-91ec-bb2410deb7e9;"MATLAB scripts, files, and datasets supplementary to the paper ""Riverbank plastic distributions and how to sample them""";10.4121/3f5d76d4-c361-4158-84f9-fef02b2db898;2 Aug 2024;efceb0bc-40c2-45ec-96c5-6559842d267c;Riverbank plastic distributions and how to sample them;10.1186/s43591-024-00100-x;Article
aece109c-d4a0-468c-9292-29d9462be276;Data underlying: Exploring plastic detectability on riverbanks using remote sensing;10.4121/3d24e304-27d2-4980-8a48-2c9ef1973124;6 Nov 2025;;;;
e6a3cf26-4892-44ce-ab9f-a1f5130a8877;Experimental data: Optimizing alkaline solvent regeneration through bipolar membrane electrodialysis for carbon capture;10.4121/3c24cd14-e0fc-4b66-802d-3315ffc4fffa;3 Apr 2024;a71163c2-65e3-4eda-8c71-c9c8ad5e29f1;Optimizing alkaline solvent regeneration through bipolar membrane electrodialysis for carbon capture;10.1016/j.cej.2024.150870;Article
1b928412-1635-46d7-846f-8b16b1782134;Data underlying: 'Assessing the spatio-temporal cumulative drought effects on two Mediterranean forest types in Central Chile.';10.4121/3bcb20ce-193d-4d1f-b726-3112cee1aad1;17 Nov 2025;;;;
269254c8-ad5f-4172-898c-63415432e3c7;Data underlying the publication: Selective Electrochemical Desorption of Fermentation-derived n-Caproate from Activated Carbon;10.4121/3965adbb-87dd-4943-ab32-b52774cb56ac;17 Jan 2025;b16a2870-b0ed-41c2-92c7-630ea00e49bb;Selective electrochemical desorption of fermentation-derived n-caproate from activated carbon;10.1016/j.seppur.2025.131647;Article
bd37293b-5e11-470c-9685-020345ebba64;Data from: ‘Radiometric properties of screens and energy saving in greenhouses’;10.4121/37baec2d-ff75-4090-ab7e-3a0e6e61a2ce;12 May 2025;;;;
789a397a-f0bc-4206-86d2-7b3d6e52c2d7;Scripts underlying the publication: The Impact Of Flocculation on In Situ and Ex Situ Particle Size Measurements by Laser Diffraction;10.4121/379d78a3-7370-4171-ae35-a91115f80965;4 Sep 2023;5f8dd4c0-6053-407b-970e-fb72f4ac31f7;The Impact Of Flocculation on In Situ and Ex Situ Particle Size Measurements by Laser Diffraction;10.22541/essoar.168319822.29525394/v1;Preprint
ed32a8eb-cbfb-47fc-ba54-5ecc9f80a295;Data from: Removing barriers: a collaborative research agenda for restoring free-flowing rivers;10.4121/36b75ce9-3a6d-4076-9f33-3c53e9f74df5;27 Feb 2026;;;;
efbce25e-d650-4e3b-be1c-b14d745b9a88;Data underlying the publication: Detection of suspended macroplastics using Acoustic Doppler Current Profiler (ADCP) echo;10.4121/3619e6ac-59a6-4f5c-a48e-3fcb8d9cbe58;8 Sep 2023;a0656f0c-7a97-4c4d-aa14-d84223f32a43;Detection of suspended macroplastics using acoustic doppler current profiler (ADCP) echo;10.3389/feart.2023.1231595;Article
68cf2699-9abe-4ddc-871d-a03c0a2a3df6;Dataset underlying publication: CarboTag: a modular approach for live and functional imaging of plant cell walls;10.4121/3464fadd-ccb8-4a6c-9463-e3014bcdf984;11 Dec 2024;9822de56-4b44-43d2-af17-1d90bebd95b2;CarboTag: a modular approach for live and functional imaging of plant cell walls;10.1038/s41592-025-02677-4;Article
68cf2699-9abe-4ddc-871d-a03c0a2a3df6;Dataset underlying publication: CarboTag: a modular approach for live and functional imaging of plant cell walls;10.4121/3464fadd-ccb8-4a6c-9463-e3014bcdf984;11 Dec 2024;5d30f28f-9d68-4a4c-b893-1935f8667473;CarboTag: a modular approach for live and functional imaging of plant cell walls;10.1101/2024.07.05.597952;Preprint
c66e7dec-2af1-49db-aa01-bde7d2ecb372;Data underlying the publication: A novel method to assess crosstalk in single-grain luminescence detection;10.4121/31c191c4-3fce-45cb-8fda-5597c1038e52;3 Feb 2025;4ff1cc0c-8cf1-4e2e-b299-5e0005ca66bb;Luminescence: Comprehensive Luminescence Dating Data Analysis;10.32614/CRAN.package.Luminescence;Software
c3ee0266-c8ff-4508-8d54-a7a1aa6675d7;Experimental data: Quantification of charge carriers and acetate diffusion lengths in intermittent electro-active biofilms using Electrochemical Impedance Spectroscopy;10.4121/315b5fdb-c361-4bfd-ba7a-962870fe5c18;9 Oct 2023;0367a742-5de9-450c-b2fe-195e78f365c3;Quantification of charge carriers and acetate diffusion lengths in intermittent electro-active biofilms using Electrochemical Impedance Spectroscopy;10.1016/j.jpowsour.2023.233725;Article
6371a6d0-3fd1-459d-b109-6703296c7030;Data underlying the project: Co-fermentation of Crotonate and Chain Elongation Substrates Towards Mixed Bioplastic/Organic Waste Recovery;10.4121/3141faf4-51d4-49f9-a2d2-f3ed01f117ce;30 Apr 2025;;;;
6dd66bda-2438-4988-99f7-59ed9f019e1e;Data used in the paper: Hydrological drought forecasts using precipitation data depend on catchment properties and human activities;10.4121/302cd0fd-59da-46e8-ac82-f98fad865751;23 Feb 2024;a8c6abb7-309b-4c55-aef7-994372527e86;Hydrological drought forecasts using precipitation data depend on catchment properties and human activities;10.1038/s43247-024-01295-w;Article
973d174e-551d-4679-b7fd-2a60ec15ded7;Data underlying the publication: Microbial Recycling of PLA Food Packaging Waste into Carboxylates via Hydrolysis and Mixed-Culture Fermentation;10.4121/3011851a-6248-44ce-8a41-8d407bc9d3d0;21 Aug 2023;5773a4b6-249d-4407-badc-77860594f86c;Microbial Recycling of Polylactic Acid Food Packaging Waste into Carboxylates via Hydrolysis and Mixed-Culture Fermentation;10.3390/microorganisms11082103;Article
ef57ca92-bfd4-4c68-96d1-e72da2007618;Landelijk Grondgebruik Nederland 2021 (LGN2021);10.4121/2e472483-255b-4468-b5a2-beb413746b48;10 Jul 2023;909e9b07-dba6-4737-9862-d8de884bb0ef;Landelijk Grondgebruiksbestand Nederland 2021 (LGN2021) : achtergronden, methodiek en validatie;10.18174/585714;Report
5228f760-0c9e-4b52-90e1-cf27bd9344da;Dataset underlying the NXTGEN - Ready Made Meals project: Market overview of depth cameras;10.4121/2e3eca4f-e765-4b7c-b6fc-5cd190cd6cd6;24 Feb 2026;;;;
3fa9dd98-d4f9-4742-a85b-c84a9e1330bf;Data underlying the publication: Improving the 3D Representation of Plant Architecture and Parameterization Efficiency of Functional-Structural Tree Models using Terrestrial LiDAR Data;10.4121/2b7e832f-12e9-4d0e-92e2-5aef9bcf9142;11 Dec 2024;;;;
b3df6254-5662-4fc9-ba29-edaf89a11457;Data underlying the publication: Freedom of Religion and Non-discrimination based on Gender Identity and Sexual Orientation in Ukraine: Corporate Policy Commitments in Situations of Conflicting Social Expectations;10.4121/2b643329-9814-404b-9bbe-4310659b0881;13 May 2024;;;;
bf724ed0-3004-4b23-9647-078e0b2a4058;Primary and secondary dunes in the Waal: Data set corresponding to the publication: Coexistence of two dune scales in a lowland river;10.4121/2b263e5c-66a6-4583-92f7-548e80a6c201;11 Jul 2024;d73fe93d-8bb4-4a75-8d00-b6ab2915d9fa;Coexistence of two dune scales in a lowland river;10.5194/esurf-11-1283-2023;Article
83c0839c-75a5-4679-b033-fa5644c84958;Data underlying the publication: Water and co-ion transport across ion-exchange membranes coated with PAH/PSS polyelectrolyte multilayer in electrodialysis and diffusion dialysis;10.4121/29fca47e-8ccf-4499-b65e-ea01041b06c8;24 Dec 2025;4dd39fa2-398a-4b94-a435-737c065e27f3;Water and co-ion transport across ion-exchange membranes coated with PAH/PSS polyelectrolyte multilayer in electrodialysis and diffusion dialysis;10.1016/j.memsci.2025.125072;Article
064f4a7f-d29c-4121-8acf-a669c24aaa2b;"Data underlying the publication ""Fatty Liver Index and mortality after myocardial infarction: A prospective analysis in the Alpha Omega Cohort"" ";10.4121/2949ab36-4860-4c96-a751-52eeb6e8022d;10 Aug 2023;eb0c25b5-2b7e-48d3-a472-8efe23d458b2;Fatty Liver Index and mortality after myocardial infarction;10.1371/journal.pone.0287467;Article
b713c2bc-b290-48fa-9aad-f2c02f778df5;"Supplementary material Chapter 5 of PhD thesis: ""To Rebehold the Cell: Natural and Synthetic Cell Cycles Through the Lenses of Macromolecular Motion""";10.4121/27ceca49-75c0-49a4-a17d-8c6de4074709;1 Feb 2024;a5508f44-5797-453b-8f67-704f781a2ce9;To rebehold the cell;10.18174/648280;internal PhD, WU
3d8d2c9a-22bb-436d-ba9a-22d0e116b4af; Data from chapter 5 of the thesis 'Herbivores shape the seascape';10.4121/264ab2e2-eb36-4647-af52-07e0708142e9;1 Feb 2024;0baf7980-e0d1-49be-a8c5-f3f091539e1f;Herbivores shape the seascape;10.18174/644664;internal PhD, WU
d3529d03-52ac-460b-af67-3819e385bc1a;Dataset: Use of commercial microwave links as scintillometers;10.4121/247d47b7-2ea5-4e93-bffb-67620a66525c;18 Dec 2024;c9ab2ca2-12de-42c7-b586-ec14d38425c5;Use of commercial microwave links as scintillometers;10.5281/zenodo.16737579;Software
d3529d03-52ac-460b-af67-3819e385bc1a;Dataset: Use of commercial microwave links as scintillometers;10.4121/247d47b7-2ea5-4e93-bffb-67620a66525c;18 Dec 2024;0f2ff2b0-908e-4d84-a861-54611ea7a1c3;Evaporation measurements using commercial microwave links as scintillometers;10.5194/hess-29-6589-2025;Article
d3529d03-52ac-460b-af67-3819e385bc1a;Dataset: Use of commercial microwave links as scintillometers;10.4121/247d47b7-2ea5-4e93-bffb-67620a66525c;18 Dec 2024;b5ca11ce-e93b-4fb4-98ee-1bebb48de2b8;Use of commercial microwave links as scintillometers: potential and limitations towards evaporation estimation;10.5194/egusphere-2024-2974;Preprint
988feb4d-75b2-4e9d-9678-014a9252a0ef;Data underlying the publication: Emerging trade-offs in saltmarsh ecosystem services under sea-level rise;10.4121/22a67949-4c53-4fb9-a01c-ceede142aa19;22 Apr 2025;b2ab88a9-5f40-40bb-83d0-1f0a6b3abb5a;Emerging trade-offs in saltmarsh ecosystem services under sea-level rise;10.1016/j.ecss.2025.109319;Article
6f2548ec-3e6b-44ff-ae11-58b31c909761;Data underlying the publication: Catchment scale assessment of macroplastic pollution in the Odaw river, Ghana;10.4121/22274980;11 May 2023;2d57e287-b1b9-4a13-8da7-91ccf578480e;Catchment scale assessment of macroplastic pollution in the Odaw river, Ghana;10.1016/j.marpolbul.2023.115813;Article
80fae2e1-8549-4df8-a673-bda325535800;Data for Dandelion assembly used for comparative genomics of floral development;10.4121/22262773;8 Jun 2023;727c446b-d351-411d-953d-32b7f9725c24;Phylogenomic analysis provides insights into MADS-box and TCP gene diversification and floral development of the Asteraceae, supported by de novo genome and transcriptome sequences from dandelion (Taraxacum officinale);10.3389/fpls.2023.1198909;Article
70a5bd54-da69-4cad-b783-c784c0d7eee9;Data underlying the publication: Dry fractionation for endosperm recovery from a barley malt waste stream.;10.4121/22240720;21 Aug 2023;4e597bb2-7109-4d49-b1f6-f20dd5224295;Dry fractionation for endosperm recovery from a barley malt waste stream;10.1016/j.jfoodeng.2023.111630;Article
19747ac3-649f-4f1e-9fff-df2b71a7d7a6;Data from: Early detection of phytophthora using hyperspectral imaging field experiment;10.4121/22210807;30 Jan 2024;758c6314-3d4d-44aa-aa57-db1a28beb82f;Early detection of Phytophthora infestans in potato plants using hyperspectral imaging, local comparison and a convolutional neural network;10.1016/j.atech.2023.100333;Article
68e4d95e-62dd-4c1f-98d5-23785fea91f7;Data from: Early detection of phytophthora using hyperspectral imaging pot-leaf experiment.;10.4121/22210795;24 May 2023;;;;
f304f041-9fa3-4e32-b627-25df8a02b3d3;Data from: Early detection of phytophthora using hyperspectral imaging pot-tuber experiment;10.4121/22203463;24 May 2023;;;;
651b855a-b147-4bc3-9da6-1f0ab4c8d8d8;"Tillage-controlled Runoff Pattern model (TCRP) v1.1; a GIS model to adjust runoff patterns for tillage induced roughness in agricultural catchments";10.4121/22153622;2 Jun 2023;;;;
3a91d6fe-5b53-4775-91ef-4994ef03f0da;Experimental Data: Optimization of an electrochemical direct air capture process with decreased CO2 desorption pressure and addition of background electrolyte;10.4121/22140593;12 Apr 2023;;;;
60d3ef2a-ba08-4ec9-931c-800171fe3e7d;Dataset: Biocompacting livestock accelerate drowning of tidal salt marshes with sea level rise;10.4121/22128674;27 Feb 2023;466e40f6-1313-496c-98f4-c138c1c83a09;Biocompacting livestock accelerate drowning of tidal salt marshes with sea level rise;10.3389/fmars.2023.1129811;Article
154c64ee-1371-4925-812a-8e04e4c98b79;Data presented in the paper: Subsidence reveals potential impacts of future sea level rise on inhabited mangrove coasts;10.4121/22096397;29 Aug 2023;6737d124-b155-45b0-a174-720ee4c3a44e;Subsidence reveals potential impacts of future sea level rise on inhabited mangrove coasts;10.1038/s41893-023-01226-1;Article
62ea148f-34af-498d-b466-076faa8fb180;"Data underlying the publication: ""Overzicht maatregelen duurzaam bodembeheer""";10.4121/22087691;1 Aug 2023;db4d7683-9192-42b1-8b56-836d6429e435;Overzicht maatregelen duurzaam bodembeheer;10.18174/585817;Report
6c7bc0e7-f00a-4d9b-97aa-99337d1c4e6c;"Supplementary Dataset 2 from the paper ""Highly differentiated genomic properties underpin the different cell walls of Poaceae and eudicots""";10.4121/22068791;13 Feb 2023;9b2ac7a1-3fbf-45ce-a890-404968d60123;Highly differentiated genomic properties underpin the different cell walls of Poaceae and eudicots;10.1093/plphys/kiad267;Article
51a5ec50-9557-4ff7-87ce-305420127939;"Supplementary Dataset 2 from the paper ""Syntenic cell wall QTLs as versatile breeding tools: intra-specific allelic variability and predictability of biomass quality loci in target plant species""";10.4121/22068593;13 Feb 2023;c83a898b-8d75-41f4-8905-236e1a29d120;Syntenic Cell Wall QTLs as Versatile Breeding Tools: Intraspecific Allelic Variability and Predictability of Biomass Quality Loci in Target Plant Species;10.3390/plants12040779;Article
ebea45ab-6192-4100-a507-d711a4246959;Dataset for the article: Exploring organic micropollutant biodegradation under dynamic substrate loading in rapid sand filters;10.4121/21985589;20 Feb 2023;0e2d2cb5-1118-416c-abe8-90ba9529247c;Exploring organic micropollutant biodegradation under dynamic substrate loading in rapid sand filters;10.1016/j.watres.2022.118832;Article
61b2ddba-d5e5-40e3-b698-69f86a52f9f6;Dataset for the article: Unravelling the contribution of nitrifying and methanotrophic bacteria to micropollutant co-metabolism in rapid sand filters;10.4121/21985049;20 Feb 2023;005a8aa7-e577-48d7-9bbb-69412004e916;Unravelling the contribution of nitrifying and methanotrophic bacteria to micropollutant co-metabolism in rapid sand filters;10.1016/j.jhazmat.2021.127760;Article
9967ce22-50b4-4004-a70d-e457bf1b76a9;3rd Autonomous Greenhouse Challenge: Time-series data on realized climate with annotated crop lettuce-images;10.4121/21960932;13 Mar 2023;6f6e90ca-0d1b-4ec9-8239-835646badb70;Lettuce Production in Intelligent Greenhouses—3D Imaging and Computer Vision for Plant Spacing Decisions;10.3390/s23062929;Article
302099e7-72f6-4964-8a57-50ca40056c7c;Data underlying the publication: Quantitative physiology and proteomic adaptations of Bifidobacterium breve NRBB57 at near-zero growth rates;10.4121/21960575;6 Feb 2023;dfa54430-6bdd-48a6-8e3b-1cc650c5291a;Quantitative Physiology and Proteome Adaptations of Bifidobacterium breve NRBB57 at Near-Zero Growth Rates;10.1128/spectrum.02568-22;Article
f5cc3a1d-cdd2-4410-915e-f83961569b2b;Data underlying the publication: Forecasting estuarine salt intrusion in the Rhine-Meuse delta using an LSTM model;10.4121/21944249;8 Sep 2023;535b2ec1-6e81-404a-84c2-7420722afe19;Forecasting estuarine salt intrusion in the  Rhine–Meuse delta using an LSTM model;10.5194/hess-27-3823-2023;Article
f5cc3a1d-cdd2-4410-915e-f83961569b2b;Data underlying the publication: Forecasting estuarine salt intrusion in the Rhine-Meuse delta using an LSTM model;10.4121/21944249;8 Sep 2023;22c92c03-2ff9-45a1-8331-6226e002a1b2;Code underlying the publication: Forecasting estuarine salt intrusion in the Rhine-Meuse delta using an LSTM model;10.4121/21946724;Software
5273d25d-94c8-40f2-82d7-d04de2a48455; Dataset belonging to the paper Seasonal variation in prey preference, diet partitioning and niche breadth in a rich large carnivore guild;10.4121/21915834;14 Apr 2023;3c1d18cd-6a9d-449e-93cb-0ed620089143;Seasonal variation in prey preference, diet partitioning and niche breadth in a rich large carnivore guild;10.1111/aje.13098;Article
3cbf01c6-c7c3-4b39-8901-225ae7ca32e2;Data belonging to the paper: Leopard density and interspecific spatiotemporal interactions in a hyena-dominated landscape;10.4121/21915822;14 Apr 2023;ce9a7a09-6f05-488d-8098-2307cbdee866;Leopard density and interspecific spatiotemporal interactions in a hyena-dominated landscape;10.1002/ece3.9365;Article
cafab98c-c620-40ef-94c1-5d51d3141c2d;Dataset belonging to the paper: The effect of body size on co-occurrence patterns within an African carnivore guild;10.4121/21915789;14 Apr 2023;cf0fedcc-4d9d-4372-b3b3-7d7fe08100eb;The effect of body size on co‐occurrence patterns within an African carnivore guild;10.1002/wlb3.01004;Article
3ada4baf-4a66-4134-a683-c1b8ec1044fe;Dataset used for the publication of the article: Co-occurrence of high densities of brown hyena and spotted hyena in central Tuli, Botswana;10.4121/21915768;14 Apr 2023;80a64674-6025-45b5-b439-ec626266ae22;Co-occurrence of high densities of brown hyena and spotted hyena in central Tuli, Botswana;10.1111/jzo.12873;Article
e470759e-2901-47c3-81db-b2be0909550b;Data underlying the publication: Microbial Recycling of Bioplastics via Mixed-Culture Fermentation of Hydrolyzed Polyhydroxyalkanoates into Carboxylates;10.4121/21904716;27 Mar 2023;ac687d10-586d-40fd-88ca-38c1be56fdb1;Microbial Recycling of Bioplastics via Mixed-Culture Fermentation of Hydrolyzed Polyhydroxyalkanoates into Carboxylates;10.3390/ma16072693;Article
82f6668a-8bc0-4c7e-9185-47edd3a44038;Supplementary data for the publication: Genome assembly and analysis of Lactuca virosa: implications for lettuce breeding;10.4121/21900588;4 Sep 2023;9f1cfb3f-7ccd-494a-8e45-859037d0d8dc;"Genome assembly and analysis of Lactuca virosa; implications for lettuce breeding";10.1101/2023.05.03.539295;Preprint
05cd55a5-4a12-45e9-ba01-091573cc5e9a;"Supplementary Dataset 1 from the paper ""Syntenic cell wall QTLs as versatile breeding tools: intra-specific allelic variability and predictability of biomass quality loci in target plant species""";10.4121/21896757;13 Feb 2023;c83a898b-8d75-41f4-8905-236e1a29d120;Syntenic Cell Wall QTLs as Versatile Breeding Tools: Intraspecific Allelic Variability and Predictability of Biomass Quality Loci in Target Plant Species;10.3390/plants12040779;Article
06c8fc0b-6b91-4cfc-a383-b3c196c342e9;Data underlying the publication: “Spatial and seasonal variation in phytoplankton abundance and composition in Lake Victoria’s Mwanza Gulf, compared to northern parts of the lake”;10.4121/21890640;7 Feb 2023;c782d878-27e6-4ed8-8cc0-e56058f33ff3;Spatial and seasonal variation in the phytoplankton community of Lake Victoria’s Mwanza Gulf, compared to northern parts of the lake;10.1016/j.jglr.2023.02.002;Article
82f23af1-c1ab-4093-92e5-2c2c47fa5dd8;Data underlying publication: Battle for the mounds: niche competition between upside-down jellyfish and invasive seagrass;10.4121/21803667;16 Jan 2023;91d925b1-71c1-4766-a707-434718ea1f25;Battle for the mounds;10.1002/ecy.3980;Article
f453ffec-93ba-4111-99ec-c8e00dc966f3;Supplementary materials for PhD thesis: Comparative Genomics and Trait Evolution in Lettuce, its Wild Relatives and the Asteraceae;10.4121/21803436;28 Feb 2025;087725a3-bcd6-48d6-b657-0addf5d9ecc5;Comparative genomics and trait evolution in lettuce, its wild relatives and the Asteraceae;10.18174/589142;internal PhD, WU
faf02a30-5ae4-4978-a284-94ab51ee0b0a;River plastic measurements in the Rhine, Odaw and Mekong 2021-2022;10.4121/21763220;20 Apr 2023;89f94afa-4ead-46a9-8ab6-4aab7516247b;Estimating plastic pollution levels in rivers through harmonized monitoring strategies;10.21203/rs.3.rs-2401406/v1;Preprint
44df5cb5-da20-4318-b47f-3c81613bb570;Dataset underlying the publication Tidal dynamics limit river plastic transport;10.4121/21732818;18 Dec 2023;7fe8a2b6-824a-421f-96fa-7a1f6eb04756;Tidal dynamics limit river plastic transport;10.5194/egusphere-2022-1495;Preprint
7733bc28-9d2a-4756-85f8-d3549616a7e7;Data from: Reference values for arable crop residues: organic matter and C:N ratio;10.4121/21717965;14 Dec 2022;dd365127-5bc2-4e19-b2b4-b60bd5e4468c;Reference values for arable crop residues;10.18174/566378;Report
9b9c2da0-3674-462b-a502-47c360c18774;Transcriptomic analysis of Streptococcus suis Small Colony variants (SCVs) immune to Cas9-mediated genome editing;10.4121/21680384;26 Jun 2023;f4fa2458-41ca-4829-b72b-d164e125d8b8;Precision Genome Engineering in Streptococcus suis Based on a Broad-Host-Range Vector and CRISPR-Cas9 Technology;10.1021/acssynbio.3c00110;Article
8be4ff74-58ae-401b-94b8-bf7862a79b7a;Illumina short-read genome sequencing of knockout mutants in Streptococcus suis strain P1/7 constructed using pSStarget, a novel plasmid-based CRISPR/Cas9 genome editing system;10.4121/21679886;26 Jul 2023;f4fa2458-41ca-4829-b72b-d164e125d8b8;Precision Genome Engineering in Streptococcus suis Based on a Broad-Host-Range Vector and CRISPR-Cas9 Technology;10.1021/acssynbio.3c00110;Article
87afe59a-0723-4071-aacb-d828242a8a33;2021 - Monitoring dioxins, PCBs, flame retardants and PFAS in agricultural and fishery products in 2021;10.4121/21667673;1 Dec 2022;;;;
e6864174-65b7-4db9-8387-dbd6568e748b;Drone images over the Saigon river - Hyacinth & Plastic patches;10.4121/21648152;1 Dec 2022;;;;
156a7b72-76ce-42f7-a194-11b5143fb94f;Data underlying the publication: The effect of sulfadiazine in manure on accumulation of sulfonamide resistance genes in freshly consumable plants;10.4121/21632186;27 Jan 2025;96b34fa2-e14c-432d-a359-83664c3c31dc;The effect of sulfadiazine in manure on accumulation of sulfonamide resistance genes in freshly consumable plants;10.1186/s43170-023-00174-2;Article
134c904f-9de6-46f6-81ad-c0d0920ec32f;"Dataset ""Mixed trace metals from microbial growth medium act as hydrogen evolution catalyst during microbial electrosynthesis at high current density""";10.4121/21591648;3 May 2024;edadf127-1c5e-48d1-a63c-c59a179a973c;Integration of biocompatible hydrogen evolution catalyst developed from metal-mix solutions with microbial electrosynthesis;10.1016/j.bioelechem.2024.108724;Article
b0115008-8109-4143-b49d-0e24b4b882af;Data underlying the publication: Trace metals from microbial growth media form in situ electro-catalysts;10.4121/21591378;15 Jun 2023;f7520fa8-8696-4747-9e82-af0f2aa10402;Trace metals from microbial growth media form in situ electro-catalysts;10.1016/j.electacta.2023.142722;Article
b2dcf773-9b11-4c05-8149-51eadd5e45f7;"Dataset ""Methodology for in-situ microsensor profiling of hydrogen, pH, ORP and electric potential throughout 3D porous cathodes of (bio)electrochemical systems""";10.4121/21583710;3 Jan 2024;d368fe5d-ab16-4e45-a528-f3ae9bc26d01;Methodology for In Situ Microsensor Profiling of Hydrogen, pH, Oxidation-Reduction Potential, and Electric Potential throughout Three-Dimensional Porous Cathodes of (Bio)Electrochemical Systems;10.1021/acs.analchem.2c03121;Article
03102cc8-06ee-4a67-b7bf-3fa0a9b4fc37;"Dataset ""Alternating direction of catholyte forced flow-through 3D-electrodes improves start-up time in microbial electrosynthesis at applied high current density""";10.4121/21583212;5 Jun 2023;b7e9cf1d-67f1-4187-bbaf-465d930f6241;Alternating direction of catholyte forced flow-through 3D-electrodes improves start-up time in microbial electrosynthesis at applied high current density;10.1016/j.cej.2023.142599;Article
62685e43-373e-40e1-8e5c-ddd710746b12;Data underlying the publication: Plastic retention in rivers increased by trapping and tidal dynamics;10.4121/21582996;5 Jan 2023;;;;
6e5f5f89-ee04-4dec-9ce6-637f7fe57a60;Data on Irrigation development and management practices in Ethiopia: A systematic review on existing problems, sustainability issues and future directions;10.4121/21582876;30 Nov 2022;4d46722f-6ef3-4c64-8fb1-97b1c7c99e3f;Irrigation development and management practices in Ethiopia;10.1016/j.agwat.2022.107959;Article
51581a2a-8326-423a-8f3d-1a3b39dd862c;"Supplementary Dataset 1 from the paper ""Highly differentiated genomic properties underpin the different cell walls of Poaceae and eudicots""";10.4121/21564756;13 Feb 2023;9b2ac7a1-3fbf-45ce-a890-404968d60123;Highly differentiated genomic properties underpin the different cell walls of Poaceae and eudicots;10.1093/plphys/kiad267;Article
3654db9d-7aad-4d8f-8965-8826ad037df7;"Data underlying the publication: ""Estimation of above‐ground biomass of large tropical trees with terrestrial LiDAR""";10.4121/21552084;16 Nov 2022;bbf7eedb-926b-4f9d-8038-0d8243623b24;Estimation of above-ground biomass of large tropical trees with terrestrial LiDAR;10.1111/2041-210X.12904;Article
171bb823-779f-4f12-ba64-050084f37065;Soil suitability maps for agriculture for the province Noord-Brabant (Netherlands) created with WaterVissionAgriculture and scripts to generate input data and to run the model WWL-tabel;10.4121/21524442;14 Nov 2022;1bab8858-63e2-4356-8892-a0fa2e971a2a;Bodemgeschiktheidskaarten voor landbouw in de provincie Noord-Brabant;10.18174/576638;Report
823e3fa9-298c-4980-9e0f-626f975af8c0;Dataset underlying the publication 'Optimization of Capture ELISAs for Chicken Cytokines Using Commercially Available Antibodies'';10.4121/21494520;9 Dec 2022;2ab89b74-626f-4869-95e1-e139ac7bf8ac;Optimization of Capture ELISAs for Chicken Cytokines Using Commercially Available Antibodies;10.3390/ani12213040;Article
559dbd90-f4e3-46ff-a86c-774c4c13af19;Replication files for the PhD thesis: Risks and opportunities to development: a local perspective;10.4121/21456453;28 Nov 2022;a808d621-b8d0-4e7b-94a5-5c000ddaa6c2;Risks and opportunities to development in Africa;10.18174/580319;internal PhD, WU
8f30d4f2-e737-4e53-a519-049c968ff497;Data underlying the publication: The roughness length for heat: a misanalogy?;10.4121/21444063;17 Oct 2024;d3fbc1c9-6241-4420-937c-1c72a20042f5;Rethinking the Roughness Height;10.1007/s10546-024-00871-z;Article
14e86e6b-2a8f-4030-aa62-9b7ed10b5eed;Data underlying the publication: Unraveling the Nature of Extraframework Catalytic Ensembles in Zeolites: Flexibility and Dynamics of the Copper-Oxo Trimers in Mordenite;10.4121/21407700;27 Oct 2022;faffa45e-f6fb-457e-be26-018cba3b48c1;Unraveling the Nature of Extraframework Catalytic Ensembles in Zeolites;10.1021/acs.jpclett.1c03288;Article
1f932eb4-a81c-4a40-8478-ceb69fa06f41;Workshop FAIR Data and Data Reuse for Environmental Science Group Researchers;10.4121/21399975;31 Oct 2022;;;;
91a536f2-d65f-4d27-9bf6-1c294b67436e;Data underlying the publication: Exploring plastic transport dynamics in the Odaw river, Ghana;10.4121/21390780;15 Dec 2022;7534f336-d660-4e4e-b96e-d687463fc3cd;Exploring plastic transport dynamics in the Odaw river, Ghana;10.3389/fenvs.2023.1125541;Article
0d96a61a-91e4-40b7-8e7d-f3e1328d78f4;"Data from: “Growing agroecology in Nicaragua: Towards a multi-scale perspective on agroecological transition""";10.4121/21378258;22 May 2023;79425c5d-b89d-4ba9-8898-ef6bd434f7fe;Growing agroecology in Nicaragua;10.18174/585945;internal PhD, WU
87fd74b1-8df9-4e06-9b1a-07aca5693dc9;Data underlying the publication: Herbivore prevalence poorly predicts yield in diverse cropping systems;10.4121/2136d072-c111-48e0-8136-7e76f8f3f27c;20 Mar 2025;415ed148-7991-4ad7-abf5-69fab9065209;Herbivore prevalence poorly predicts yield in diverse cropping systems;10.1101/2024.09.06.611601;Preprint
3eadd963-73b3-4138-983e-0eb500e949eb;"“Visual counting dataset and accociated MATLAB scripts supplementary to the paper ""Amsterdam urban water system as entry point of river plastic pollution""";10.4121/21369972;26 Oct 2022;e597d9c4-9109-45a0-9fee-b13dbb87d782;Amsterdam urban water system as entry point of river plastic pollution;10.1007/s11356-023-26566-5;Article
e5196212-f3fe-4252-a607-af1499102874;Data underlying the publication: Macroplastic deposition and flushing in the Meuse river following the July 2021 European floods;10.4121/21360531;20 Nov 2023;b9ecbaab-01fb-4405-bacf-370ba1ec2705;Macroplastic deposition and flushing in the Meuse river following the July 2021 European floods;10.1088/1748-9326/ad0768;Article
f72c05c6-1869-431b-a882-0097181cf35c;Genotyping data underlying the publication: Investigating the potential of Andean lupin as a lignocellulosic feedstock for Europe: first genome-wide association study on L. mutabilis biomass quality.;10.4121/21334146;21 Oct 2022;a73ec0ea-cf88-44b9-8690-2d4ef57af31b;Investigating the potential of Andean lupin as a lignocellulosic feedstock for Europe;10.1111/gcbb.13006;Article
22aef9cd-61e3-4bfd-a1ff-375c708b1e0a;Data underlying publication: Neglecting acclimation of photosynthesis under drought can cause significant errors in predicting leaf photosynthesis in wheat;10.4121/21304917;13 Oct 2022;81977e44-e7f8-4042-83a1-bdaea3972f71;Neglecting acclimation of photosynthesis under drought can cause significant errors in predicting leaf photosynthesis in wheat;10.1111/gcb.16488;Article
0bd492d3-7ca9-4e53-ad5e-a8d97cf1a662;Data underlying publication: Seagrass ecosystem multifunctionality under the rise of a flagship marine megaherbivore;10.4121/21214229;27 Oct 2022;2a405272-4597-4793-870d-d63e53ebb30b;Seagrass ecosystem multifunctionality under the rise of a flagship marine megaherbivore;10.1111/gcb.16464;Article
cf681c23-4e5d-4808-ad5f-417eadc4001e;Data underlying the research A multi-method approach to circular strategy design;10.4121/21202460;26 Sep 2022;9aee2cb1-1e17-4eda-9da8-da65eff1f99e;A multi-method approach to circular strategy design: Assessing extended producer responsibility scenarios through material flow analysis of PET plastic in Jakarta, Indonesia;10.1016/j.jclepro.2022.132884;Article
1b5563c0-e4c1-46d0-9c31-a11eafbe0085;Data underlying the publication: Preference of black soldier fly larvae for feed substrate previously colonised by conspecific larvae;10.4121/21176431;21 Sep 2022;05969a35-bda1-48fc-ac7c-137c4f688b02;Preference of black soldier fly larvae for feed substrate previously colonised by conspecific larvae;10.1111/jen.13112;Article
47126ea0-02fd-4d4e-9181-8af760a24c88;TTADDA_MIAPPE: Metadata related to the TTADDA-UAV potato dataset;10.4121/20ef3f20-ec7b-4236-b13b-e4f7d54a34bf;3 Sep 2025;263d1660-271c-4851-ae8b-acfe8f140e8b;TTADDA-UAV: A multi-season RGB and multispectral UAV dataset of potato fields collected in Japan and the Netherlands;10.1016/j.dib.2025.112004;Article
75fdf7e8-77e8-4773-a86b-bef71e0b7e56;Data underlying the publication: The effect of organic matter fractions on micropollutant ozonation in wastewater effluents;10.4121/20553198;23 Aug 2022;234e5984-fb2c-41d9-a1a4-ca5504eac1a8;The effect of organic matter fractions on micropollutant ozonation in wastewater effluents;10.1016/j.watres.2022.118933;Article
86d3093f-94ea-4de5-9a3b-37db05547405;Data underlying the publication: Single chloroplast in folio imaging sheds light on photosystem energy redistribution during state transitions;10.4121/20473863;8 Feb 2023;2e3dc615-c806-46a8-8dc3-530c35e78b42;Single chloroplast in folio imaging sheds light on photosystem energy redistribution during state transitions;10.1093/plphys/kiac561;Article
78f07fba-4649-41a3-8b41-c00fd82e5ace;Data underlying publication: Green turtles shape the seascape through grazing patch formation around habitat features: experimental evidence;10.4121/20438607;15 Sep 2022;6a342698-6561-4f24-90fc-144bb220abb8;Green turtles shape the seascape through grazing patch formation around habitat features: experimental evidence;10.1002/ecy.3902;Article
c960b173-355a-48c3-ac7f-daf00cb08d86;Diurnal UAV-based sun-induced chlorophyll fluorescence over potato and sugar beet fields;10.4121/20348382;23 Aug 2022;f180e5ac-5ddf-449d-ba32-9a71f1ee23e9;Diurnal variation of sun-induced chlorophyll fluorescence of agricultural crops observed from a point-based spectrometer on a UAV;10.1016/j.jag.2020.102276;Article
4de333a9-4baf-4f1e-a136-e96b5a08e86f;Hyperspectral dataset and associated MATLAB scripts supplementary to the paper 'Towards Robust River Plastic Detection: Combining Lab and Field-based Hyperspectral Imagery';10.4121/20343012;22 Jul 2022;812e90f6-5dd4-4ccf-b7fa-f8787bf9bd97;Towards Robust River Plastic Detection: Combining Lab and Field‐based Hyperspectral Imagery;10.1029/2022EA002518;Article
a6361dd7-bd21-4252-b069-21605e34b524;Dataset for 'Reversible fouling by particulate matter from natural seawater reduces RED performance while limiting biofouling';10.4121/20337267;19 Nov 2022;c0b1ae33-6e71-44d3-afb5-246c7b61d41d;Reversible fouling by particulate matter from natural seawater reduces RED performance while limiting biofouling;10.1016/j.desal.2022.116262;Article
11c17878-42d8-4273-a1d9-71263e0b977f;Experimental Data: Effluent pH correlates with electrochemical nitrogen recovery efficiency at pilot scale operation;10.4121/20310099;22 Aug 2022;a40c8a99-9af6-437d-9ada-660f6913a793;Effluent pH correlates with electrochemical nitrogen recovery efficiency at pilot scale operation;10.1016/j.seppur.2022.122602;Article
bb2d0b42-c757-43c8-996f-44a61c2bea0c;Analysis results of the paper baseLess: Lightweight detection of sequences in raw MinION data;10.4121/20261392;18 Jul 2022;87cb59e3-527a-4ba2-91fe-bc94c68dfbfb;baseLess: lightweight detection of sequences in raw MinION data;10.1093/bioadv/vbad017;Article
ae9cac61-30ef-4f17-a2e6-850524fbb7e0;Experimental data: Real-time monitoring of biofilm thickness allows for determination of acetate limitations in bio-anodes;10.4121/20200517;7 Jul 2022;c99cef5b-337e-405c-bdac-87300260b669;Real-time monitoring of biofilm thickness allows for determination of acetate limitations in bio-anodes;10.1016/j.biteb.2022.101028;Article
9d792aeb-fd91-4366-857e-bde4b8834ab0;Experimental data: The effect of intermittent anode potential regimes on the morphology and extracellular matrix composition of electro-active bacteria;10.4121/20200007;7 Jul 2022;5db6250a-449e-4ad7-919b-33a64e1b7e87;The effect of intermittent anode potential regimes on the morphology and extracellular matrix composition of electro-active bacteria;10.1016/j.bioflm.2021.100064;Article
c8c42174-5fb2-43f3-99e7-a431a848758c;Insect egg-killing: a new front on the evolutionary arms-race between brassicaceous plants and pierid butterflies;10.4121/20103536;3 Apr 2023;7d06f83e-a9d2-41be-80f5-fdea34fc74c0;E(gg)xit strategy of plant defense;10.18174/575127;internal PhD, WU
c8c42174-5fb2-43f3-99e7-a431a848758c;Insect egg-killing: a new front on the evolutionary arms-race between brassicaceous plants and pierid butterflies;10.4121/20103536;3 Apr 2023;7913f25a-eaa4-452d-a726-4496e99377c2;Insect egg-killing;10.1111/nph.17145;Article
bce141de-ca1c-40e6-8177-511c23880dce;Pieris brassicae egg-induced cell death of Brassica nigra is controlled by a single locus containing a cluster of TIR-NBS-LRR receptors;10.4121/20103533;3 Apr 2023;7d06f83e-a9d2-41be-80f5-fdea34fc74c0;E(gg)xit strategy of plant defense;10.18174/575127;internal PhD, WU
acf223f4-3db4-49f1-ae05-668e4eb75b0d;Hypersensitive response of Brassica plants against cabbage white butterfly eggs is specifically induced by egg-associated secretions;10.4121/20103500;3 Apr 2023;7d06f83e-a9d2-41be-80f5-fdea34fc74c0;E(gg)xit strategy of plant defense;10.18174/575127;internal PhD, WU
c5050901-396c-44ba-94ba-92145ad9a21e;Data underlying the publication: Spectral Diversity of Photosystem I from Flowering Plants;10.4121/20029532;21 Oct 2022;7cd51c18-461f-48d1-b4ff-12d16d6f1a1d;Spectral diversity of photosystem I from flowering plants;10.1007/s11120-022-00971-2;Article
d2646b3d-51fa-498a-a7cd-210cb1efd71b;"Data underlying the publication: ""Freshwater fish biodiversity restoration in floodplain rivers requires connectivity and habitat heterogeneity at multiple spatial scales""";10.4121/20014862;9 Jun 2022;9cc89932-3995-45ed-9e80-88e85d9d4829;Freshwater fish biodiversity restoration in floodplain rivers requires connectivity and habitat heterogeneity at multiple spatial scales;10.1016/j.scitotenv.2022.156509;Article
1c7982ae-2f3a-4bef-a6cc-e5397ce15398;"Data underlying the publication: Beetroot and Spinach Seed Microbiomes Can Suppress Pythium ultimum Infection; Results from a Large-Scale Screening";10.4121/20004842;25 Aug 2022;05d14762-9cb5-48db-a9a7-729e665db518;Beetroot and spinach seed microbiomes can suppress Pythium ultimum infection: results from a large-scale screening;10.1017/S0960258522000186;Article
fa8c15db-2592-4ffa-806f-76442d2c6033;Supporting data for the publication: Evidence of secondary bedform controls on river dune migration;10.4121/1fa1f4a8-701c-4d4e-b4ea-bce343589cf9;20 Mar 2024;;;;
337db8ff-90e2-48c9-81a0-fc86b1f99801;TTADDA_WUR_2022: A subset of the multi-season RGB and multispectral TTADDA-UAV potato dataset;10.4121/1f628b56-3246-4aab-accd-1193b1566763;3 Sep 2025;263d1660-271c-4851-ae8b-acfe8f140e8b;TTADDA-UAV: A multi-season RGB and multispectral UAV dataset of potato fields collected in Japan and the Netherlands;10.1016/j.dib.2025.112004;Article
effdd950-936e-469a-9cc3-858f25e3c6db;Data underlying the article Basil Chilling Injury: Oxidative Stress or Energy Depletion;10.4121/1e2af139-9d2f-4098-91ce-491d3b39b635;13 Dec 2024;86785fc2-78bf-4fdd-a556-0021c63707f9;Basil chilling injury;10.1016/j.foodchem.2025.143581;Article
9309bf4e-dc49-400a-a203-6caee5916ecf;Data underlying the publication: Division and Retention of Floating Plastic at River Bifurcations;10.4121/1ba277d0-e23f-4e89-b21b-25dbbbafc149;14 Dec 2023;;;;
4e2098be-71f9-4039-b395-822168bee3ec;Channel pattern prediction tool;10.4121/1af86179-be24-4280-889a-89aa9e037ff8;11 Jun 2020;b0d5c858-447e-4af3-b76a-fe57fe19555c;Predicting river channel pattern based on stream power, bed material and bank strength;10.1177/0309133320948831;Article
b2942378-c31e-4f1c-8c10-2415c35795ce;4DHydro WP5 exp 1.0 dataset wflow_sbm - Po River;10.4121/1abe4de8-ecef-48c0-bbde-c599357c4102;28 Mar 2024;;;;
a9381d09-4e6d-407c-a870-cca0d4bc8735;Data underlying the research of: Improving realism of high-resolution hydrological modeling with anthropogenic water use: a study on the Rhine basin;10.4121/1a382dde-616e-4894-a4b2-222ec45a8a5d;4 Jul 2025;;;;
2824b9d3-40c5-413a-89f4-a1a24e4bfb2b;"Data underlying the publication: ""PanTools v3: functional annotation, classification, and phylogenomics """;10.4121/19874485;4 Jul 2022;b6a84656-3590-4563-802f-6a722a512e21;PanTools v3: functional annotation, classification and phylogenomics;10.1093/bioinformatics/btac506;Article
9a65c904-8792-4ccf-a3fa-313f2741e08f;DALES v4.2 modified for ammonia plume dispersion and blending-distance estimations;10.4121/19869478;1 Jun 2022;12836715-fc65-4dca-aee3-93a5b9a4b30f;Assessing the representativity of NH3 measurements influenced by boundary-layer dynamics and the turbulent dispersion of a nearby emission source;10.5194/acp-22-8241-2022;Article
c69bee0a-d75c-4446-b578-d265375e5005;"Numerical model configurations for ""A synthetic spring-neap tidal cycle for long-term morphological modelling""";10.4121/19845262;5 Jul 2022;f2ea88bc-1e85-4991-9601-e4adf1ce8996;A Synthetic Spring-Neap Tidal Cycle for Long-Term Morphodynamic Models;10.1029/2022JF006799;Article
aa59fa67-8314-4200-98da-e4a0d6858d65;Data underlying the publication: Estimating Regionalized Hydrological Impacts of Climate Change Over Europe by Performance-Based Weighting of CORDEX Projections;10.4121/19811179;23 May 2022;b058d68e-1623-4c9d-a638-552e93aa0341;Estimating Regionalized Hydrological Impacts of Climate Change Over Europe by Performance-Based Weighting of CORDEX Projections;10.3389/frwa.2021.713537;Article
d2a0978f-6dfe-4f8d-b672-ec3a22ddb542;Data & Scripts underlying the publication: Can we enhance ecosystem-based coastal defense by connecting oysters to marsh edges? Analyzing the limits of oyster reef establishment;10.4121/19808374;24 May 2022;7bbba38f-829f-474a-b692-3a26108b5c88;Can we enhance ecosystem-based coastal defense by connecting oysters to marsh edges? Analyzing the limits of oyster reef establishment;10.1016/j.ecoleng.2021.106221;Article
36b3cae3-7670-4d57-b0ce-62688a2154cd;MECAnalysisTool: A method to analyze consumer data;10.4121/19786900;6 Jul 2022;6146a8d6-34c7-43ac-b172-f3b41bd84d6d;Methodological considerations on the means-end chain analysis revisited;10.1002/mar.21521;Article
99f3fe74-8363-4924-aa1f-27de43a50e0d;"Model code and simulations underlying publication ""The combined impact of canopy stability and soil NOx exchange on ozone removal in a temperate deciduous forest""";10.4121/19727287;29 Aug 2022;649cabdc-bbfa-4ad1-872c-56b0922364c6;The Combined Impact of Canopy Stability and Soil NOx Exchange on Ozone Removal in a Temperate Deciduous Forest;10.1029/2022JG006997;Article
78f0b34e-0eb2-4773-8229-306435667713;Data from: Impacts of harvesting methods on nutrient removal in Dutch forests exposed to high nitrogen deposition;10.4121/19705156;10 Jun 2022;032d5921-a72f-4bd1-96eb-976db0635db0;Impacts of harvesting methods on nutrient removal in Dutch forests exposed to high-nitrogen deposition;10.1186/s13595-022-01149-5;Article
b6a442be-731a-4f7e-bf38-05e94cf46021;Code and secondary data of analysis on pesticide transport during rainfall runoff events;10.4121/19690840;19 May 2022;;;;
7f1db19e-565c-425c-b6b5-61f43f7d20af;Runoff, erosion and pesticide transport in a small catchment in Limburg - The Netherlands;10.4121/19690684;19 May 2022;;;;
4d405197-2862-4504-ab7f-e5ff8bf17baf;Data underlying article 'Towards effectively restoring agricultural landscapes in East African drylands: Linking plant functional traits with soil hydrology';10.4121/19635243;2 Nov 2022;c8c6d270-16e7-46dc-ab8b-b5be42c13581;Towards effectively restoring agricultural landscapes in East African drylands: Linking plant functional traits with soil hydrology;10.1111/1365-2664.14311;Article
d96fb5f7-d85d-4d58-8c7c-0963e104e450;Data underlying article 'Mexican agricultural frontier communities differ in forest dynamics with consequences for conservation and restoration';10.4121/19620798;11 May 2022;83ad48ff-6998-4f56-b956-c84b385dbad5;Mexican agricultural frontier communities differ in forest dynamics with consequences for conservation and restoration;10.1002/rse2.262;Article
8e4806ee-2d5a-4a39-8886-921487006f3d;Data from the publication: Linking reported drought impacts with drought indices, water scarcity and aridity: the case of Kenya;10.4121/19620357;10 Jun 2022;d22f0731-3e7f-4195-b837-867f956cb5f5;Linking reported drought impacts with drought indices, water scarcity, and aridity: the case of Kenya;10.5194/egusphere-2022-458;Preprint
b8c9ee7c-78ed-4221-ac9d-2c14e9c6eae9;"Supporting data for the publication: ""A tool for determining multiscale bedform characteristics from bed elevation data""";10.4121/19620093;2 May 2022;8892fade-a931-451b-a471-d889c68e59cf;Short communication: A tool for determining multiscale bedform characteristics from bed elevation data;10.5194/esurf-10-865-2022;Article
9dc422fe-f178-49c5-b631-2e104683e785;Floating litter in the Dutch Rhine-Meuse delta 2021;10.4121/19447199;21 Jun 2022;be74dedf-90ae-46c1-a548-9cb624dc6b51;Hydrology as a Driver of Floating River Plastic Transport;10.1029/2022EF002811;Article
9d6d32d9-14cd-429c-8816-dc8cc9261a27;Dataset underlying the publication “Flood characteristics drive river-scale macroplastic deposition”;10.4121/19415a1b-1f4e-4c5d-acc3-69545804698c;25 Aug 2025;;;;
8c7dbb09-2e9d-4bc8-86c7-19fb068580a8;R code and data for paper: Upgrading ammonia-nitrogen from manure into body proteins in black soldier fly larvae;10.4121/19376129;18 Mar 2022;;;;
f9ab556b-cc45-4ebc-a029-4acfc33b4d39;Data from the paper An actin mechanostat ensures hyphal tip sharpness in Phytophthora infestans to facilitate host entry.;10.4121/19367987;4 Apr 2022;b31bca37-33fb-4d8a-bc8a-12f3cad68b34;An actin mechanostat ensures hyphal tip sharpness in Phytophthora infestans to achieve host penetration;10.1126/sciadv.abo0875;Article
74b62601-c67d-4220-8cb7-b47207000f32;"Data underlying the publication ""Attributes for consumer acceptance of alternative food products""";10.4121/19298990;7 Mar 2022;e187c26d-737b-4f5e-9783-94aa1ef645d4;Consumer preference attributes for alternative food products;10.18174/587331;Report
647e8024-bdae-4731-a74e-8bdaffbc47cd;Data underlying the publication “Feeding growing mushrooms”.;10.4121/19285106;20 Jun 2022;7daf9f63-fd7c-4815-bc20-4f1624695d6a;Feeding growing button mushrooms;10.1371/journal.pone.0270633;Article
6777da30-3b7c-4dea-ad0d-35c0f7dc108d;Data underlying the publication: Concentration-dependent effects of nickel doping on activated carbon biocathodes;10.4121/19248359;14 Mar 2022;37e7a9d5-29d2-42ba-945f-f5918351a510;Concentration-dependent effects of nickel doping on activated carbon biocathodes;10.1039/d1cy02151f;Article
20dd2413-cab0-4db0-bd77-63d361c25d43;"Data for ""Potato tuber origin and microbial composition determines resistance against soft rot Pectobacteriaceae""";10.4121/19237146;3 Jan 2022;f08fdb0c-9ed6-477b-a677-2a210f839ad6;Potato tuber origin and microbial composition determines resistance against soft rot Pectobacteriaceae;10.1007/s10658-023-02763-3;Article
acc4b126-6793-4dbc-8471-c14e43b690d5;Data underlying the publication: Rivers running green: water hyacinth invasion monitored from space;10.4121/19229472;30 Mar 2022;d5731577-ee1c-4109-b6dc-3ebaa1215b5f;Rivers running green;10.1088/1748-9326/ac52ca;Article
a0ac9407-6003-48bb-b0e7-55dc095850f2;Data underlying the publication: Optimizing biological effluent organic matter removal for subsequent micropollutant removal;10.4121/19208853;22 Feb 2022;0759c311-279b-4dce-889b-8e48f07b1f59;Optimizing biological effluent organic matter removal for subsequent micropollutant removal;10.1016/j.jece.2021.106247;Article
62e6ca04-a87c-456a-bf49-2e6a4826f50a;Haus Riswick grassland experiment with N fertilization and plant growth monitoring based on Unmanned Aerial Vehicle (UAV) hyperspectral imagery - campaigns of 2014 and 2017;10.4121/19188872;25 Feb 2022;60571caa-d861-4511-a11f-4857264a9a32;Estimating plant traits of grasslands from UAV-acquired hyperspectral images;10.3390/ijgi4042792;Article
2671e292-b3d9-4004-aed5-6700ba9f97e3;"Replication Dataset for ""Sample size requirements for riverbank macrolitter characterization""";10.4121/19188131;31 Oct 2022;db0c098c-a0c0-48df-95ec-84abe9877eae;Sample size requirements for riverbank macrolitter characterization;10.3389/frwa.2022.1085285;Article
6c8af5d0-c1ac-4a80-9866-feae1022ba9e;Experimental data: direct air capture using electrochemically regenerated anion exchange resins;10.4121/19180913;9 Mar 2022;916a77c7-ca42-4fcf-ab52-29453dd997aa;Direct Air Capture Using Electrochemically Regenerated Anion Exchange Resins;10.1021/acs.est.2c01944;Article
717c91c5-cdd5-420f-b761-b9e2763e0dba;Data from: Deflation techniques applied on mixed model equations;10.4121/19153742;15 Feb 2022;14c95836-eb51-41f4-861c-5c1a119363e5;Deflation techniques applied on mixed model equations;10.1016/j.cam.2023.115095;Article
8a92479a-a4ca-480c-821d-ecac829d5d5c;Data underlying the publication: Absorption of iron from edible house crickets: a randomized crossover stable-isotope study in humans;10.4121/19111334;27 May 2025;124dd767-f7b3-4e27-a78a-2ab06481aa58;Absorption of iron from edible house crickets;10.1093/ajcn/nqac223;Article
7734cec7-1fd5-49f0-81c9-510810f4a466;"Data underlying the publication: Optimizing micropollutant removal by ozonation; interference of effluent organic matter fractions";10.4121/19108049;8 Feb 2022;3e7bdc9d-16af-438b-9913-6046e3b24418;"Optimizing Micropollutant Removal by Ozonation; Interference of Effluent Organic Matter Fractions";10.1080/01919512.2021.1889355;Article
66b7f44d-2f7f-42f9-8a3b-8f661a7dbc17;Data underlying publication: Fish grazing enhanced by nutrient enrichment may limit invasive seagrass expansion;10.4121/19106918;7 Feb 2022;f9121343-5cf0-4408-bbf1-4b6b1f0a8bc2;Fish grazing enhanced by nutrient enrichment may limit invasive seagrass expansion;10.1016/j.aquabot.2021.103464;Article
6e42798d-3761-4ff5-97ff-51e53515d837;Experimental data: Application of ammonium fertilizers recovered by an Electrochemical system;10.4121/19064378;9 Feb 2022;9c524cf5-f7eb-4173-8236-f9186c8b5b7f;Application of ammonium fertilizers recovered by an Electrochemical System;10.1016/j.resconrec.2022.106225;Article
cbf980d9-89ad-4ad1-a101-9d891b9e7d2b;Dataset linking the ‘landschappelijke bodemkaart’ (LBK) and ‘bodemfysische eenhedenkaart’ (BOFEK);10.4121/1835e7fd-802c-47d4-81f5-3e76c485a809;3 Oct 2024;;;;
ec39454b-2687-40fd-9f8a-fa7964d35d0b;Supplementary data for the paper: Feeding hydrogenated palm fatty acids and rumen-protected protein to lactating Holstein-Friesian dairy cows modifies milk fat triacylglycerol composition and structure, and solid fat content;10.4121/18318725;24 Jan 2022;64657e51-e009-47dd-b6f5-5b516462015f;Feeding hydrogenated palm fatty acids and rumen-protected protein to lactating Holstein-Friesian dairy cows modifies milk fat triacylglycerol composition and structure, and solid fat content;10.3168/jds.2021-21083;Article
8cefc8f8-23e0-4218-92ba-d5b005bed288;Data underlying the publication: Mucosal expression of Ca and P transporters and claudins in the small intestine of broilers is altered by dietary Ca:P in a limestone particle size dependent manner.;10.4121/18318644;14 Jan 2022;7659bccb-e9fe-429f-8afc-8d869395a165;Mucosal expression of Ca and P transporters and claudins in the small intestine of broilers is altered by dietary Ca:P in a limestone particle size dependent manner;10.1371/journal.pone.0273852;Article
052efd6c-57a0-4ef9-a356-652ee005e554;Salmonella surveillance data for Israeli poultry farms during 2017-2019;10.4121/17fe54a9-5bca-4071-b282-fc5ffad0d53a;8 Sep 2023;d93e7e9e-4ba3-467b-9fb7-80f09df34d0d;The optimisation of Salmonella surveillance programmes for pullet and layer farms using local farm density as a risk factor;10.1371/journal.pone.0291896;Article
f9a36f59-5e4a-49e9-8f76-24d28ee0e228;Data presented in the paper: To Plant or Not to Plant: When can Planting Facilitate Mangrove Restoration?;10.4121/17927198;8 Feb 2022;e0b69771-9ed3-426d-8961-e3e50eb6bdc8;To Plant or Not to Plant: When can Planting Facilitate Mangrove Restoration?;10.3389/fenvs.2021.690011;Article
3126c115-46aa-4344-9b26-1a74d071ac93;Data from: Permanent grasslands in Europe: land use change and intensification decrease their multifunctionality;10.4121/17888573;9 Feb 2022;40e04861-f4de-4340-90d9-5ec166f2df7b;Permanent grasslands in Europe;10.1016/j.agee.2022.107891;Article
0e4883d9-e492-4cb1-bd4c-efbbdc15790c;Data underlying the publication: Forage quality in grazing lawns and tall grasslands in the subtropical region of Nepal and implications for wild herbivores.;10.4121/17708117;18 Jan 2022;5a75e71d-125e-426a-bfc8-276153ef6f9b;Forage quality in grazing lawns and tall grasslands in the subtropical region of Nepal and implications for wild herbivores;10.1016/j.gecco.2021.e01747;Article
a7c75884-74d0-4c3c-a484-868b3559fffa;Data used in the paper: Catchment memory explains hydrological drought forecast performance;10.4121/17259449;27 Dec 2021;dd3276f1-6c87-4253-8c86-b0c62cc6464a;Catchment memory explains hydrological drought forecast performance;10.1038/s41598-022-06553-5;Article
ecf7e219-acd4-4c65-a242-07e1d81d974f;A Food Composition Database of 4 different datasets from Denmark, Japan, FAO and the USA;10.4121/17206607;15 Dec 2021;55e0e023-22d2-42c9-a4e7-1e098be3c3e8;A Worldwide Hotspot Analysis on Food Loss and Waste, Associated Greenhouse Gas Emissions, and Protein Losses;10.3390/su12187488;Article
4341efe1-d3f6-4339-bcf0-837ecbd15419;Protein Levels in Food Balance Sheets based on datasets of the FAO;10.4121/17206100;15 Dec 2021;55e0e023-22d2-42c9-a4e7-1e098be3c3e8;A Worldwide Hotspot Analysis on Food Loss and Waste, Associated Greenhouse Gas Emissions, and Protein Losses;10.3390/su12187488;Article
171ee072-2be0-4501-93a9-c0ef820b2807;Data simulation of genomic information of two chromosomes of 3-way crossbred pigs;10.4121/17198453;13 Apr 2022;55a80593-f9f3-4216-a6f7-7e1e48b567f5;Estimation of dam line composition of 3-way crossbred animals using genomic information;10.1186/s12711-022-00728-4;Article
171ee072-2be0-4501-93a9-c0ef820b2807;Data simulation of genomic information of two chromosomes of 3-way crossbred pigs;10.4121/17198453;13 Apr 2022;29d43b5e-3e9b-4718-b8a4-3eb1aef0a1d1;Assigning breed origin to alleles in crossbred animals;10.1186/s12711-016-0240-y;Article
c5c8123a-bf67-4062-a535-fb43f9f252d9;Co-creation of a Just-In-Time Adaptive Intervention for healthy dietary changes: focus groups, survey data, beta test;10.4121/17088866;13 Mar 2024;;;;
176a761f-3013-4207-ba63-c4aa61c94fdc;Data underlying the publication: Reactor microbiome enriches vegetable oil with n-caproate and n-caprylate for potential functionalized feed additive production via extractive lactate-based chain elongation;10.4121/17086037;11 Jan 2022;e937fdd0-1965-4152-9e2a-571d2eb1b107;Reactor microbiome enriches vegetable oil with n-caproate and n-caprylate for potential functionalized feed additive production via extractive lactate-based chain elongation;10.1186/s13068-021-02084-9;Article
5dd476e0-5778-4ce6-bf45-586d547a32da;Data underlying the publication: Designing a selective n-caproate adsorption-recovery process with granular activated carbon and screening of conductive materials in chain elongation;10.4121/17086010;11 Jan 2022;2975843d-07ff-4014-9170-68336eed617c;Designing a Selective n-Caproate Adsorption–Recovery Process with Granular Activated Carbon and Screening of Conductive Materials in Chain Elongation;10.1021/acsestengg.1c00214;Article
d10334a6-4860-4896-80bd-d3688fda082b;Metadataoverzicht bij evaluatie van bestaande maatregel-effectrapporten om de ecologische status van het oppervlaktewater te verbeteren;10.4121/17081387;14 Dec 2021;;;;
406219ce-227c-425b-9b52-72e927f17583;2008 - Monitoring dioxins, PCBs and flame retardants in agricultural and fishery products;10.4121/17049800;23 Nov 2021;;;;
ba739ad0-aef1-4183-a2b7-3e3d60d94c30;2009 - Monitoring dioxins, PCBs and flame retardants in agricultural and fishery products;10.4121/17049788;23 Nov 2021;;;;
607f749a-6f51-479a-a39a-c322aa0c2ff6;2010 - Monitoring dioxins, PCBs and flame retardants in agricultural and fishery products;10.4121/17049758;23 Nov 2021;;;;
9bdb2357-6b0b-4ba4-b88b-e049e26b2b5f;2011 - Monitoring dioxins, PCBs and flame retardants in agricultural and fishery products;10.4121/17049740;23 Nov 2021;;;;
4e77cc09-1c82-47e8-8bb3-c4b3e820d703;2012 - Monitoring dioxins, PCBs and flame retardants in agricultural and fishery products;10.4121/17049728;23 Nov 2021;;;;
c1ac2c7e-8aba-4f79-8e66-ac73702841ad;2013 - Monitoring dioxins, PCBs and flame retardants in agricultural and fishery products;10.4121/17049719;23 Nov 2021;;;;
eeeb7e07-6a76-4e90-a499-e9a593bf183c;2014 - Monitoring dioxins, PCBs and flame retardants in agricultural and fishery products;10.4121/17049713;23 Nov 2021;;;;
2d334c3f-4c8e-415c-b63e-c8e8586031e5;2015 - Monitoring dioxins, PCBs and flame retardants in agricultural and fishery products;10.4121/17049689;23 Nov 2021;;;;
58ec611d-0df6-4566-aec5-526471304878;2016 - Monitoring dioxins, PCBs and flame retardants in agricultural and fishery products;10.4121/17049674;23 Nov 2021;;;;
66b14faf-96e1-495b-a964-1a32b502df93;2017 - Monitoring dioxins, PCBs and flame retardants in agricultural and fishery products;10.4121/17049656;23 Nov 2021;;;;
6fb7c164-39aa-4c25-8d38-6ff783cf47da;2018 - Monitoring dioxins, PCBs and flame retardants in agricultural and fishery products;10.4121/17049614;23 Nov 2021;;;;
402f832e-b7f4-4d9f-9441-51f742c579ed;2019 - Monitoring dioxins, PCBs and flame retardants in agricultural and fishery products;10.4121/17049593;23 Nov 2021;;;;
ec993a47-ff31-440e-9b19-ce1fe494681a;Data for the paper: Fouling fractionation in reverse electrodialysis with natural feed waters demonstrates dual media rapid filtration as an effective pre-treatment for fresh water;10.4121/16974748;16 Nov 2021;dff39102-1462-41bc-b030-33fdfd26a4fa;Fouling fractionation in reverse electrodialysis with natural feed waters demonstrates dual media rapid filtration as an effective pre-treatment for fresh water;10.1016/j.desal.2021.115277;Article
95a39a94-78e4-4b4a-aff4-d111f24547fc;Data for manuscript: Water motion influences carbon-use strategies of kelp forest assemblages and defines responses of macroalgae to ocean acidification;10.4121/16973866;16 Nov 2021;;;;
8f495b6b-54b3-4c86-ae25-5fc11ec00514;Dataset Cyclic Voltammetry is invasive on microbial electrosynthesis;10.4121/16930849;8 Dec 2021;602f6fc5-c824-4bab-860c-a50d18e796d5;Cyclic Voltammetry is Invasive on Microbial Electrosynthesis;10.1002/celc.202100914;Article
3bad6af4-7827-4167-a907-22f69c6543d9;Data from: Dating basal peat: The geochronology of peat initiation revisited;10.4121/16923358;14 Apr 2022;c43f6bbc-8479-4403-b9ff-fad8fd9dc424;Dating basal peat: The geochronology of peat initiation revisited;10.1016/j.quageo.2022.101278;Article
1855fdff-e338-49fe-b499-4f41d6b58a21;Model and input data related to: Circularity in animal production requires a change in the EAT-Lancet diet in Europe;10.4121/16918732;8 Nov 2021;fb748856-0348-4ede-957c-979e9176267a;Circularity in animal production requires a change in the EAT-Lancet diet in Europe;10.1038/s43016-021-00425-3;Article
7cd074eb-df83-4926-a372-e1950b6ca4a6;Open water evaporation of Lake IJssel, scripts and data used for regression analyses in the study 'Evaporation from a large lowland reservoir – observed dynamics during a warm summer'.;10.4121/16913308;20 May 2022;6fa1a9f6-9197-41bc-8880-d21e87965293;Evaporation from a large lowland reservoir-observed dynamics and drivers during a warm summer;10.5194/hess-26-2875-2022;Article
9fbfc996-b305-466c-b7cd-13ed589edaac;Accompanying data and R scripts: Mapping the spatial distribution and geographic shift of East African highland banana (Musa sp.) cropping systems in Uganda;10.4121/16908469;2 Nov 2021;e6c47490-50a1-49ec-9158-3aaa67be1a8e;Mapping spatial distribution and geographic shifts of East African highland banana (Musa spp.) in Uganda;10.1371/journal.pone.0263439;Article
edc98c16-cff4-4777-8ed9-fed0baa26a90;Data underlying the paper 'Prolonged lifetime of biological activated carbon filters through enhanced biodegradation of melamine';10.4121/16903069;8 Nov 2021;ab31a9b5-4f45-4b1d-b30b-a76bcd75de7a;Prolonged lifetime of biological activated carbon filters through enhanced biodegradation of melamine;10.1016/j.jhazmat.2021.126840;Article
93872e98-efc9-4f2d-947d-db549e24067f;2020 - Monitoring dioxins, PCBs and flame retardants in agricultural and fishery products;10.4121/16871812;10 Nov 2021;;;;
c6890ae2-ed0a-4948-ae40-670bc23c891f;Acoustic Surface Elevation Dynamics data Marconi salt marsh;10.4121/16782613;10 Jan 2022;35995655-c7fc-44f8-91ef-296a55ea285a;Facilitating Salt Marsh Restoration: The Importance of Event-Based Bed Level Dynamics and Seasonal Trends in Bed Level Change;10.3389/fmars.2021.793235;Article
92e98199-622d-49ae-ad81-b68031bfe38d;"Supplementary datafiles of - ""Expanding the Menu: Are Polyphagy and Gene Family Expansions Linked Across Lepidoptera?";10.4121/16760824;22 Feb 2022;4fbed5d6-3d01-409a-a021-fbc14a34f018;Expanding the Menu: Are Polyphagy and Gene Family Expansions Linked across Lepidoptera?;10.1093/gbe/evab283;Article
a178f7bb-c952-4930-9fa3-08162e7f352c;"Scripts and data accompanying publication: ""Manure matters: Prospects for regional banana-livestock integration for sustainable intensification in South-West Uganda""";10.4121/16628245;12 Oct 2021;9e8deca9-3495-4a7b-9f35-4733fa61eb56;Manure matters: prospects for regional banana-livestock integration for sustainable intensification in South-West Uganda;10.1080/14735903.2021.1988478;Article
668b3036-5bdb-40ab-9d9b-268a24fc58e3;Data underlying the publication: Automatic discard registration in cluttered environments using deep learning and object tracking: class imbalance, occlusion, and a comparison to human review;10.4121/16622566;26 Oct 2021;ccff0114-d7fd-4e18-bb1f-11e697b98966;Automatic discard registration in cluttered environments using deep learning and object tracking: class imbalance, occlusion, and a comparison to human review;10.1093/icesjms/fsab233;Article
7447e6aa-7edf-40eb-80cc-e6c5b9e198de;Data for 'Sweep netting samples, but not sticky trap samples, indicate beneficial arthropod abundance is negatively associated with landscape wide insecticide use';10.4121/16617184;21 Dec 2021;e7be104f-71b0-4693-bcd7-ae0f9c624784;Sweep netting samples, but not sticky trap samples, indicate beneficial arthropod abundance is negatively associated with landscape wide insecticide use;10.1111/1365-2664.14106;Article
94ab7eed-e87a-4144-8e03-024fa3c9edc1;Data for 'No significant effects of insecticide use indicators and landscape variables on biocontrol in field margins';10.4121/16617106;21 Dec 2021;b56f5da4-cc40-4123-847c-309ffb031a61;No significant effects of insecticide use indicators and landscape variables on biocontrol in field margins;10.1016/j.agee.2020.107253;Article
18562e99-d0c5-401e-bab3-5a8e9a05bad8;Radar rainfall nowcasts for 1,533 events spread over 12 Dutch catchments;10.4121/16615900;6 Oct 2021;3d7d6874-a78b-492c-a1a0-2ea7dc50ce10;Spatial and Temporal Evaluation of Radar Rainfall Nowcasting Techniques on 1,533 Events;10.1029/2019WR026723;Article
df521928-d97b-42da-9e1e-68580b1f1543;Open water evaporation of Lake IJssel, data used in the study 'Evaporation from a large lowland reservoir – observed dynamics during a warm summer'.;10.4121/16601675;1 Nov 2021;6fa1a9f6-9197-41bc-8880-d21e87965293;Evaporation from a large lowland reservoir-observed dynamics and drivers during a warm summer;10.5194/hess-26-2875-2022;Article
282a993e-8c72-4f93-a66a-b602c7d9f645;"Bulk isotope data set supporting the manuscript ""Reconstructing the diet, trophic level, and migration pattern of Mysticete whales based on baleen isotopic composition.""";10.4121/16578512;26 Nov 2021;950a5053-4eb1-4e59-9027-188336c4c666;Reconstructing the diet, trophic level and migration pattern of mysticete whales based on baleen isotopic composition;10.1098/rsos.210949;Article
238acf2a-81e1-48f2-b604-297ce9d78dad;"Amino acid data set support the manuscript: ""Reconstructing the diet, trophic level, and migration pattern of Mysticete whales based on baleen isotopic composition.""";10.4121/16578503;26 Nov 2021;950a5053-4eb1-4e59-9027-188336c4c666;Reconstructing the diet, trophic level and migration pattern of mysticete whales based on baleen isotopic composition;10.1098/rsos.210949;Article
77cce31f-9a32-47f8-8ed2-719df99dd1ad;Results of the study 'Shifts in regional water availability due to global tree restoration';10.4121/16574864;10 May 2022;57b47107-0b12-4a68-b329-8de729739dc1;Shifts in regional water availability due to global tree restoration;10.1038/s41561-022-00935-0;Article
94e11333-c9da-4450-8b09-38204869d06f;Tier 4 maps of soil pH at 25 m resolution for the Netherlands;10.4121/16451739;7 Sep 2021;76c7384a-5324-442d-8463-9f222a0d55ae;Tier 4 maps of soil pH at 25 m resolution for the Netherlands;10.1016/j.geoderma.2021.115659;Article
d37719bf-99c2-4a16-acf8-6901a138da62;Data underlying the publication Emerging forest-peatland bi-stability and resilience of European peatland carbon stores;10.4121/16438914;3 Sep 2021;3abab972-23e5-4ec9-b380-f06fb7d884a1;Emerging forest–peatland bistability and resilience of European peatland carbon stores;10.1073/pnas.2101742118;Article
026afc8d-04cb-49c4-ab49-54ccded24866;Dataset underlying the publication Seasonal dynamics of the macrophyte test species Myriophyllum spicatum over two years in experimental ditches for population modelling application in risk assessment;10.4121/15368442;16 Nov 2021;1c2a201c-da2d-42bb-a90f-2d7839d70365;Seasonal dynamics of the macrophyte test species Myriophyllum spicatum over two years in experimental ditches for population modelling application in risk assessment;10.1002/ieam.4553;Article
7bacc1ec-3b4e-463c-a486-e541522b8c14;Data underlying the publication Developing a feasible and sensitive judgement bias task in dairy cows;10.4121/15125193;22 Sep 2021;b41b25a2-5c8e-4a6b-a705-fce174dce8d5;Developing a feasible and sensitive judgement bias task in dairy cows;10.1007/s10071-021-01563-8;Article
814471f9-c5fc-4169-adf5-7219c907664a;Data underlying the publication 'Interaction of Zn with ferrihydrite and its cooperative binding in the presence of PO4' ;10.4121/150f1139-3641-46dd-a8f6-735c6e25fb95;5 Feb 2024;7141003c-66dc-489f-bbb1-adf636174570;Interaction of Zn with ferrihydrite and its cooperative binding in the presence of PO4;10.1016/j.gca.2022.01.010;Article
c5ec6425-ef7e-4ba8-9f17-f19bb08e3e2c;Data underlying the publication: Exploring the performance of system changes in Dutch broiler production to balance animal welfare, ammonia emissions and particulate matter emissions with farm profitability;10.4121/15082035;2 Aug 2021;cf85dc8a-1a95-4665-a20d-6cb4b81bfee1;Exploring the performance of system changes in Dutch broiler production to balance animal welfare, ammonia emissions and particulate matter emissions with farm profitability;10.1016/j.agsy.2021.103217;Article
536f6187-0624-45e0-ad3a-d4597b246f23;Data underlying Detection of latent potato late blight by hyperspectral imaging;10.4121/15081564;9 Aug 2021;05832dd2-2055-4960-96e9-484f192e5b88;Detection of Latent Potato Late Blight by Hyperspectral Imaging;10.1109/WHISPERS52202.2021.9484002;Conference paper
d8e83507-9dd9-4790-8b3a-b780f21b477a;"Data underlying the publication: ""Environmental requirements and heterogeneity of rheophilic fish nursery habitats in European lowland rivers: current insights and future challenges""";10.4121/15066699;28 Jul 2021;0f636c92-44cf-44da-886c-9c6942e50c06;Environmental requirements and heterogeneity of rheophilic fish nursery habitats in European lowland rivers;10.1111/faf.12606;Article
9a555cd4-9c04-4203-b043-3a10e803617c;Data underlying the publication: ‘Effects of E. coli Nissle 1917 on the Porcine Gut Microbiota and Immune System in Early Life’;10.4121/15060177;9 Feb 2022;5bd4c730-6bef-4c00-8e9d-d8ac59ac893d;Effects of Escherichia coli Nissle 1917 on the Porcine Gut Microbiota, Intestinal Epithelium and Immune System in Early Life;10.3389/fmicb.2022.842437;Article
9a555cd4-9c04-4203-b043-3a10e803617c;Data underlying the publication: ‘Effects of E. coli Nissle 1917 on the Porcine Gut Microbiota and Immune System in Early Life’;10.4121/15060177;9 Feb 2022;86a13469-6775-4e78-b079-162cf4e6f18b;A window of opportunity;10.18174/553257;internal PhD, WU
32cee9e2-7f82-4048-a2b8-4f3d8f68a94b;Data underlying Biostimulation is a valuable tool to assess pesticide biodegradation capacity of groundwater microorganisms;10.4121/15036186;27 Jul 2021;64ded49c-6241-46c1-ab51-8974311b94ed;Biostimulation is a valuable tool to assess pesticide biodegradation capacity of groundwater microorganisms;10.1016/j.chemosphere.2021.130793;Article
f98eeaa8-e58a-463f-bcf5-6d1b0b51ba1a;3rd Autonomous Greenhouse Challenge: Online Challenge Lettuce Images;10.4121/15023088;18 Aug 2021;;;;
d5067391-0482-44d0-9c1d-d19cda700fba;Data and scripts underlying the publication: On the use of large-scale biodegradable artificial reefs for intertidal foreshore stabilization;10.4121/14983671;15 Oct 2021;6f461fc2-e6cb-450c-b129-c21d0bd49489;On the use of large-scale biodegradable artificial reefs for intertidal foreshore stabilization;10.1016/j.ecoleng.2021.106354;Article
5256ddfc-fa0f-46a2-b47b-359b9f296549;Data underlying the publication: The tomato cytochrome P450 CYP712G1 catalyzes the double oxidation of orobanchol en route to the rhizosphere signaling strigolactone, solanacol;10.4121/14891094;25 May 2022;ad5feb14-b11e-43d2-bc88-f00300b8c71a;The tomato cytochrome P450 CYP712G1 catalyzes the double oxidation of orobanchol en route to the rhizosphere signalling strigolactone, solanacol;10.1111/nph.18272;Article
93da5867-1c4d-4854-89be-660339d67e60;"Data underlying the publication: ""Spatial dependency in abundance of Queen conch, Aliger gigas, in the Caribbean, indicates the importance of surveying deep-water distributions""";10.4121/14873118;2 Jul 2021;;;;
5ed7ae6a-377a-4c27-b0c2-0a7b3de55baf;Experimental Data: Low-energy ammonium recovery by a combined bio-electrochemical and electrochemical system;10.4121/14822871;18 Nov 2022;e2cf66b7-5a45-4cfd-b0b9-005046a5088f;Low-energy ammonium recovery by a combined bio-electrochemical and electrochemical system;10.1016/j.cej.2022.140196;Article
2015ed1e-781f-47db-abff-b545fcd029b7;Data and script used in the paper: Future intensification of compound and consecutive drought and heatwave risks in Europe;10.4121/14800e7b-8649-4152-b737-7f30eab23dad;2 Sep 2025;7a952a16-e63a-4a17-bd8b-89a7b332bed8;Future intensification of compound and cascading drought and heatwave risks in Europe;10.5194/egusphere-2025-823;Preprint
c542d395-6447-4edc-95ea-45e882354aae;"Data underlying the publication: ""Distribution and ontogenetic habitat shifts of reef-associated shark species in the northeastern Caribbean""";10.4121/14784369;16 Jun 2021;532f812d-a1ea-4254-a4c8-91f2c8cd711d;Distribution and ontogenetic habitat shifts of reef-associated shark species in the northeastern Caribbean;10.3354/meps13688;Article
ee45cf46-6fb3-41c5-931d-ddd4a00e24c6;"Data underlying the publication: ""Liquidity defaults and progressive lending in microfinance: A lab‐in‐the field experiment in Bolivia""";10.4121/14748390;9 Feb 2024;5445c096-a69c-4989-9cdb-68eb67e65947;Liquidity defaults and progressive lending in microfinance: A lab‐in‐the field experiment in Bolivia;10.1111/rode.12807;Article
897a4f58-667a-40bb-a4bb-ddb9987310c5;Experimental data: characterization of organic micropollutants behavior during electrochemical ammonia recovery;10.4121/14744040;16 Jun 2021;a1c78e1c-0f57-4a5f-a66e-ca942a9cfd0f;Characterization of the organic micropollutants behavior during electrochemical ammonia recovery;10.1016/j.jece.2023.109613;Article
5c890ed8-385d-4673-82ef-641dde2a734e;Data for paper - Will it float? Rising and settling velocities of common macroplastic foils;10.4121/14709360;16 Jun 2021;601f15ac-9a93-413f-8f5a-08acd9223aec;Will it Float? Rising and Settling Velocities of Common Macroplastic Foils;10.1021/acsestwater.1c00467;Article
a1e64fe3-0bdd-4bce-828e-3ae779a84b81;Data underlying the publication: Mapping recombination landscape and basidial spore number in the button mushroom Agaricus bisporus;10.4121/14695425;28 May 2021;;;;
7c327803-44d8-493c-b72b-b5408d489e07;Data underlying the proceeding: Are low-cost, hand-held NIR sensors suitable to detect adulterations of halal meat?;10.4121/14671959;31 May 2021;f5b97840-f7e2-4aed-aae9-9f35edd76135;Are low-cost, hand-held NIR sensors suitable to detect adulterations of halal meat?;;Chapter
d55cc61c-1cf8-403c-9bfa-6dd7a0101b76;"Supplementary datafiles of - ""Genome and transcriptome analysis of the beet armyworm Spodoptera exigua reveals targets for pest control""";10.4121/14596131;22 Feb 2022;ae1009bd-add9-4cc1-9d70-d295ac572281;Genome and transcriptome analysis of the beet armyworm Spodoptera exigua reveals targets for pest control;10.5281/zenodo.5305751;Software
d55cc61c-1cf8-403c-9bfa-6dd7a0101b76;"Supplementary datafiles of - ""Genome and transcriptome analysis of the beet armyworm Spodoptera exigua reveals targets for pest control""";10.4121/14596131;22 Feb 2022;fb418716-2d40-4975-9056-23bee6f343f6;Genome and transcriptome analysis of the beet armyworm Spodoptera exigua reveals targets for pest control;10.1093/g3journal/jkab311;Article
8cd090f0-2b33-42f5-ae4d-d96f19bfa327;Data and R code for the paper The potential of future foods for sustainable and healthy diets;10.4121/14579340;3 Jun 2021;3526400b-3a65-40c0-8717-556ae9dc0a6c;The potential of future foods for sustainable and healthy diets;10.1038/s41893-018-0189-7;Article
aab111de-8a18-444c-b645-4cd0f5e04ce1;Data underlying the paper 'Melamine degradation to bioregenerate granular activated carbon';10.4121/14579199;26 May 2021;7bd4b736-6acf-4702-a4be-b2b08d0299bf;Melamine degradation to bioregenerate granular activated carbon;10.1016/j.jhazmat.2021.125503;Article
3c88ef09-f594-4509-87cc-c5cbf5a1e692;Replication Dataset for Quantifying hydraulic roughness from field data: can dune morphology tell the whole story?;10.4121/14578749;28 May 2021;;;;
2f11353e-41cd-4354-9cbe-56ae997ab939;Data from: Energy saving by LED lighting in greenhouses: a process-based modelling approach, Chapter 5;10.4121/14575965;8 Jun 2021;e4ef1400-6587-4fad-80ea-2410e559df82;Energy saving by LED lighting in greenhouses;10.18174/544434;internal PhD, WU
98c5ce7a-6e87-4ab7-b9a3-62cb8f556ea0;Data and analysis of SandMotor benthos;10.4121/14571606;12 May 2021;254b8ae1-41b5-428a-8ec2-d21c8bd2eab5;A Mega-Nourishment (Sand Motor) Affects Landscape Diversity of Subtidal Benthic Fauna;10.3389/fmars.2021.643674;Article
104d8def-f1c9-4c89-8fed-45edec17851e;Annotated genomes used in the publication: Machine learning approaches to predict the plant-associated phenotype of Xanthomonas strains;10.4121/14546625;8 Jul 2021;9ae38e1f-6589-430b-9615-ef3719cca643;Xanthomonas phenotype prediction;;Software
104d8def-f1c9-4c89-8fed-45edec17851e;Annotated genomes used in the publication: Machine learning approaches to predict the plant-associated phenotype of Xanthomonas strains;10.4121/14546625;8 Jul 2021;4040d3f1-a4de-4d59-81ef-ea1bb12edbb7;Machine learning approaches to predict the Plant-associated phenotype of Xanthomonas strains;10.1186/s12864-021-08093-0;Article
614c9da5-402e-42db-b6a5-7e274cc4881a;Hyperspectral plastics dataset supplementary to the paper ‘Advancing floating plastic detection from space using hyperspectral imagery’;10.4121/14518278;25 May 2021;178444b1-403a-47f8-8d3a-024736a06e33;Advancing Floating Macroplastic Detection from Space Using Experimental Hyperspectral Imagery;10.3390/rs13122335;Article
0d17839e-c2be-489a-9a78-dc58d8b4cc2b;Data underlying the publication: Hydrodynamic shear dissipation and transmission in lipid bilayers;10.4121/14472705;6 May 2021;152d735e-a9f8-48fb-8b59-594be5a6b652;Hydrodynamic shear dissipation and transmission in lipid bilayers;10.1073/pnas.2100156118;Article
37dd27e8-7b5c-4979-ad3d-0c93f77cb254;"Data underlying the publication : ""A review of drought indices: predominance of drivers over impacts and the importance of local context""";10.4121/14452845;25 May 2021;579e0101-0fbd-4e4a-b56f-e094135a2507;A geography of drought indices;10.5194/nhess-22-323-2022;Article
d7229f20-48f1-42bb-8bbf-dae18e5daaa6;Data underlying the publication: Designing a flexible method selection tool for the inclusion of soil biology measurements in the assessment of soil multi-functionality;10.4121/14431418;19 Apr 2021;a1fb82f2-008f-4def-b393-e9a48455a6c4;A flexible selection tool for the inclusion of soil biology methods in the assessment of soil multifunctionality;10.1016/j.soilbio.2021.108514;Article
3bb8a830-e792-4a87-a979-0bcd1cdaa5a4;Biomass production and nutrient content of temperate cover crops;10.4121/14412842;14 Apr 2021;c8d2e20e-5746-4d38-b539-046fe56f17f0;Cover crop reference values;10.18174/544859;Report
3bb8a830-e792-4a87-a979-0bcd1cdaa5a4;Biomass production and nutrient content of temperate cover crops;10.4121/14412842;14 Apr 2021;c9d8730e-55c6-4648-9d04-f83f2dc8cce5;Soil for life;;Report
a28d3c7f-2b8b-4fef-b4be-4b943b6cb33e;Data from: Using legacy data to reconstruct the past? Rescue, rigor and reuse in peatland geochronology;10.4121/14406347;8 Oct 2021;5a81b995-ff48-4ac7-befa-c07ccee9275e;Using legacy data to reconstruct the past? Rescue, rigour and reuse in peatland geochronology;10.1002/esp.5196;Article
cc370342-5e0f-4768-8df1-3eb98bb6e73a;Data underlying the publication: Product inhibition and pH affect stoichiometry and kinetics of chain elongating microbial communities in sequencing batch bioreactors - 16S data;10.4121/14394578;4 Oct 2023;26becd7e-f674-44fb-8485-4ad4bd901a80;Product Inhibition and pH Affect Stoichiometry and Kinetics of Chain Elongating Microbial Communities in Sequencing Batch Bioreactors;10.3389/fbioe.2021.693030;Article
72fd8601-2f85-4f2b-8e64-c138d2a680a8;Data and R code for the paper Black soldier fly reared on pig manure: bioconversion efficiencies, nutrients in the residual material, greenhouse gas and ammonia emissions;10.4121/14318780;1 Apr 2021;91251d07-17ec-486c-98c9-391f3e932951;Black soldier fly reared on pig manure;10.1016/j.wasman.2021.04.001;Article
151116db-e13f-4d6c-9388-2ae2b1bdd5cc;Data underlying the publication: nZVI impacts substrate conversion and microbiome composition in lactate-based chain elongation from D- and L-lactate substrates;10.4121/14236922;23 Mar 2021;8aff2095-92b8-4391-ac5b-0e85fe10a458;nZVI Impacts Substrate Conversion and Microbiome Composition in Chain Elongation From D- and L-Lactate Substrates;10.3389/fbioe.2021.666582;Article
bd2bbb8d-0d7b-4a90-afbe-0a4c745122a5;Data underlying the publication: Lactate metabolism and microbiome composition are affected by nitrogen gas supply in continuous lactate-based chain elongation;10.4121/14208530;15 Mar 2021;d5986472-3d1a-4115-a40d-0c7f6e996b9d;Lactate metabolism and microbiome composition are affected by nitrogen gas supply in continuous lactate-based chain elongation;10.3390/fermentation7010041;Article
aeedd314-472a-4eb3-9a4c-ae377f921251;Supporting dataset for the paper: Does load-induced shallow subsidence inhibit delta growth?;10.4121/14170919;31 Mar 2021;2c635673-e074-4cff-b514-0005ba07f844;Does Load‐Induced Shallow Subsidence Inhibit Delta Growth?;10.1029/2021JF006153;Article
89a804b1-4a36-4952-9ac5-94cf8312df91;Gridded rainfall maps retrieved from commercial microwave link (CML) data from Sri Lanka;10.4121/14166539;5 Mar 2021;f8da44a8-1629-4d75-931e-be66b2a25c70;Tropical rainfall monitoring with commercial microwave links in Sri Lanka;10.1088/1748-9326/ac0fa6;Article
89a804b1-4a36-4952-9ac5-94cf8312df91;Gridded rainfall maps retrieved from commercial microwave link (CML) data from Sri Lanka;10.4121/14166539;5 Mar 2021;d7bd3761-5866-4d42-96ae-610ede5bbfd9;Retrieval algorithm for rainfall mapping from microwave links in a cellular communication network;10.5194/amt-9-2425-2016;Article
89a804b1-4a36-4952-9ac5-94cf8312df91;Gridded rainfall maps retrieved from commercial microwave link (CML) data from Sri Lanka;10.4121/14166539;5 Mar 2021;7807c6ee-a7b0-4d4e-bb04-5bad35520c6c;Seasonal semi-variance of Dutch rainfall at hourly to daily scales;10.1016/j.advwatres.2012.03.023;Article
6c0652ec-9920-4b43-aeb4-926e55b87b5c;Texel sand wave benthic community composition, data belonging to the paper: Small-scale macrobenthic community structure along asymmetrical sand waves in an underwater seascape.;10.4121/14152187;12 May 2021;9338be89-7c51-49d8-a4d5-3db508e34699;Small-scale macrobenthic community structure along asymmetrical sand waves in an underwater seascape;10.1111/maec.12657;Article
36e190b2-597a-4ea7-b092-a2fcb75d4b1a;Data underlying the publication: Phytophthora pathogens exploit slicing action for host invasion;10.4121/14115461;22 Mar 2021;c69feda0-dd7b-4c36-a3c6-b6cc185fa5f2;A slicing mechanism facilitates host entry by plant-pathogenic Phytophthora;10.1038/s41564-021-00919-7;Article
4e03bc3f-aaf3-4535-9ef9-fda739263397;"Supplementary datafiles of: ""Family dinner: transcriptional plasticity of five Noctuidae (Lepidoptera) feeding on three host plant species""";10.4121/14115386;1 Sep 2022;a6a50904-e04a-4565-80b6-0df6d54a2b2c;Family dinner: Transcriptional plasticity of five Noctuidae (Lepidoptera) feeding on three host plant species;10.1002/ece3.9258;Article
78151cfe-1b3f-4ffb-b494-7760e7bb3c80;"Data underlying the publication: ""The Pectobacterium pangenome, with a focus on Pectobacterium brasiliense, shows a robust core and extensive exchange of genes from a shared gene pool""";10.4121/14061122;23 Feb 2021;317650ce-71aa-4f43-80c6-1e7622ccc474;The Pectobacterium pangenome, with a focus on Pectobacterium brasiliense, shows a robust core and extensive exchange of genes from a shared gene pool;10.1186/s12864-021-07583-5;Article
505d64e6-52c7-48c8-a4b3-c28ef3b860ea;Experimental data ammonium recovery from digested blackwater using electrodialysis in combination with Donnan dialysis;10.4121/14039495;19 Feb 2021;9d0f9ea2-0140-4852-b66a-fc9b93f1dc15;Donnan Dialysis for scaling mitigation during electrochemical ammonium recovery from complex wastewater;10.1016/j.watres.2021.117260;Article
7f9948be-0340-4e22-be82-378781fd1086;Data from the study presented in the paper 'Understanding scales of density-dependence to improve the use of resources in benthic mussel aquaculture';10.4121/14038970;17 Feb 2021;0d9f89c5-d231-4b88-9ebb-048945ab1be0;Understanding scales of density-dependence to improve the use of resources in benthic mussel aquaculture;10.1016/j.aquaculture.2020.735477;Article
f20028e8-a7f2-4607-aee5-d6322b947e39;"Data underlying the publication: ""Zwitterionic Dendrimer – Polymer Hybrid Copolymers for Self-Assembling Antifouling Coatings""";10.4121/14035139;14 Jun 2021;e143c717-8422-4964-91bd-4e049842a70c;Zwitterionic dendrimer – Polymer hybrid copolymers for self-assembling antifouling coatings;10.1016/j.eurpolymj.2021.110578;Article
210b240a-5d9e-442d-bffb-1d5a5ccf65b5;Software supporting: Analysis of natural variation in photosynthesis in a panel of Brassicaceae species;10.4121/13f4d7fa-63d2-4892-ab7e-36ff08cb410e;25 Aug 2023;8d7bd4b6-56c4-4b9b-8bcb-cf0396d7e8f4;Cross-species transcriptomics reveals differential regulation of essential photosynthesis genes in Hirschfeldia incana;10.1093/g3journal/jkae175;Article
30538c1b-18f9-4f15-84ce-52e864f20f09;Data underlying the publication: Intraspecies variation offers potentials to improve white rot fungi for increasing degradability of lignocellulose for ruminants;10.4121/13ef571d-8d9e-4476-ab58-be3c3b707ad9;7 Nov 2023;f1b50213-2588-442c-a829-b43cdbe97709;Intraspecies Variation Offers Potential to Improve White Rot Fungi for Increasing Degradability of Lignocellulose for Ruminants;10.3390/jof10120858;Article
30538c1b-18f9-4f15-84ce-52e864f20f09;Data underlying the publication: Intraspecies variation offers potentials to improve white rot fungi for increasing degradability of lignocellulose for ruminants;10.4121/13ef571d-8d9e-4476-ab58-be3c3b707ad9;7 Nov 2023;5cce2d72-bee6-4257-84d3-0605fab6fed6;Discerning the variation in fungal-treated wheat straw as ruminant feed;10.18174/458924;internal PhD, WU
29376306-9bb9-405a-8821-bb4ffce46a62;Template scripts on Google Earth Engine to detect green tides on the foreshores of beaches using Landsat archive;10.4121/13944938;17 Feb 2021;1b15410b-5e74-4476-9a6f-2996406d93ee;Spotting green tides over brittany from space;10.3390/rs13081408;Article
78f5779f-b784-45ea-be0c-8d4e9768024c;Data and scripts underlying the publication: Timely poacher detection and localization using sentinel animal movement;10.4121/13900106;15 Feb 2021;a91437c1-b9ee-4411-bcdb-09f914ebf0b9;Timely poacher detection and localization using sentinel animal movement;10.1038/s41598-021-83800-1;Article
b5897b06-ec0c-4df7-aee6-afc885bb26e4;Dataset on green tide surfaces over Brittany using Landsat imagery for 35 years of monitoring;10.4121/13747231;1 Mar 2021;1b15410b-5e74-4476-9a6f-2996406d93ee;Spotting green tides over brittany from space;10.3390/rs13081408;Article
15f76112-263e-4339-a738-2dc7ed6863c4;"Data underlying the article ""Urban water storage capacity inferred from observed evapotranspiration recession""";10.4121/13686973;7 Jan 2022;1b5211e2-22f5-4c76-9ee2-a62357ae4d44;Urban Water Storage Capacity Inferred From Observed Evapotranspiration Recession;10.1029/2021GL096069;Article
2eea5381-7f75-4fdf-8001-91b5d6c06c49;Data underlying the publication: 'Tree Biomass Equations from Terrestrial LiDAR: A Case Study in Guyana' ;10.4121/13677322;4 Feb 2021;6723c282-6ed9-451d-b16c-b0c76636a414;Tree Biomass Equations from Terrestrial LiDAR: A Case Study in Guyana;10.3390/f10060527;Article
ece41fd1-83f6-4adf-8c8c-dd8f2e63f42b;Supporting Information for the publication: The influence of slipface angle on dune growth;10.4121/13625735;26 Jan 2021;25236dbb-c123-43c4-8aa1-6f9f2fec5409;The Influence of Slipface Angle on Fluvial Dune Growth;10.1029/2020JF005959;Article
70bf0d14-bca6-432d-a5fe-b84e98c72fe5;Data underlying the publication: Image-based size estimation of broccoli heads under varying degrees of occlusion;10.4121/13603787;21 Jun 2021;03ba8df5-5e6c-47be-b608-70ba155d5551;Image-based size estimation of broccoli heads under varying degrees of occlusion;10.1016/j.biosystemseng.2021.06.001;Article
87a0a0bf-63b7-4208-a17f-098bffc973bd;Climatology-based Adjustments for Radar Rainfall in an OperaTional Setting: Adjustment factors for the Netherlands;10.4121/13573814;2 Mar 2021;ba2b795f-657c-45b7-953b-4eadc1cc84ac;A climatological benchmark for operational radar rainfall bias reduction;10.5194/hess-25-4061-2021;Article
2a606b75-b621-4c34-a642-60186bbfb2bf;Meteorological forcing, and corresponding hydrological model input and output used in the paper: The impact of hydrological model structure on the simulation of extreme runoff events.;10.4121/13562270;11 Mar 2021;b806192b-e76a-4730-86f4-ea206f23a794;The impact of hydrological model structure on the simulation of extreme runoff events;10.5194/nhess-21-961-2021;Article
244a9716-11a6-44b8-a46d-26879a80190f;Supporting data for the publication: Rapidly migrating secondary bedforms can persist on the lee of slowly migrating primary river dunes;10.4121/13517384;5 Jan 2021;09ba2850-179f-4e95-a496-78f8d7bf7ee3;Rapidly Migrating Secondary Bedforms Can Persist on the Lee of Slowly Migrating Primary River Dunes;10.1029/2020JF005918;Article
f2b89278-d49b-4aca-87a9-62a988480e4c;Data from 'Seasonal River Export of Nitrogen to Guanting and Baiyangdian Lakes in the Hai He Basin';10.4121/13469325;11 Oct 2021;27ca65e7-3275-45c3-9070-a130ab38c8b3;Seasonal River Export of Nitrogen to Guanting and Baiyangdian Lakes in the Hai He Basin;10.1029/2020JG005689;Article
9c235683-0b09-4d56-9f27-f2f0a7340ff0;Data underlying the publication: Origin and evolution of the cannabinoid oxidocyclase gene family;10.4121/13414694;21 Dec 2020;d94a7d67-f8eb-4342-8b29-77a28ac327a9;Origin and evolution of the cannabinoid oxidocyclase gene family;10.1093/gbe/evab130;Article
bf33ca87-1d69-4482-895a-17e36f519f99;Spatio-temporal subsurface soil moisture (40 cm depth) within an agricultural field in the Netherlands;10.4121/13376960;21 Dec 2020;;;;
f785817c-eef8-41aa-b3d3-5e2508bba7fe;Data underlying the article Characterizing 19 thousand Chinese lakes, ponds and reservoirs by morphometric, climate and sediment characteristics;10.4121/13348004;2 Aug 2021;4b066a24-1ebf-49b6-bd28-fb1708802943;Characterizing 19 thousand Chinese lakes, ponds and reservoirs by morphometric, climate and sediment characteristics;10.1016/j.watres.2021.117427;Article
0f9ab211-5508-4305-a0b9-60b4f137918b;Data from observations of the role of water hyacinths in macroplastic transport and accumulation;10.4121/13318181;12 Jan 2021;01de248d-9d76-435a-86f0-b39b656ad68e;Plastic Plants;10.3389/fenvs.2021.686334;Article
fbf9b4af-07be-4279-9600-79ef7b3352be;Supplementary material: Transcriptome analysis of fucoidan and L-fucose degradation by Pontiella desulfatans F1(T);10.4121/13317587;15 Dec 2020;;;;
5b13b79e-9819-4cf1-ac8b-f17bf442deb5;Supplementary material: Sulfidogenic bacteria enriched from deep anoxic Black Sea sediment and the description of Desulfopila canfieldii sp. nov.;10.4121/13317545;15 Dec 2020;581575e5-c9da-42c9-a3f7-c9f2e8ec3fbf;Exploration of sulfur-cycling microorganisms from anoxic Black Sea waters and sediment;10.18174/548038;internal PhD, WU
5b13b79e-9819-4cf1-ac8b-f17bf442deb5;Supplementary material: Sulfidogenic bacteria enriched from deep anoxic Black Sea sediment and the description of Desulfopila canfieldii sp. nov.;10.4121/13317545;15 Dec 2020;581575e5-c9da-42c9-a3f7-c9f2e8ec3fbf;Exploration of sulfur-cycling microorganisms from anoxic Black Sea waters and sediment;10.18174/548038;internal PhD, WU
39fa0dfe-f84d-43dd-a4ff-3472ea96d24f;Data underlying the research of: Behind the scenes of streamflow model performance (Bouaziz et al. 2021, HESS);10.4121/13221038;7 Jan 2021;e9677704-33c0-4c3b-a2c5-0904f3e55562;Behind the scenes of streamflow model performance;10.5194/hess-25-1069-2021;Article
112f3f3d-d659-4543-883f-b54221c464f9;The Ossekampen Grassland Experiment: Data underlying the publication: A matter of time: recovery of plant species diversity in wild plant communities at declining nitrogen deposition;10.4121/13200398;28 Jan 2021;c87eb0f8-bac8-4a36-b164-af110c49403e;A matter of time;10.1111/ddi.13266;Article
a14ed4b7-98f7-4108-ba4a-9bf60927da3f;"Data underlying the publication: ""Corpse removal increases when honey bee colonies experience high Varroa destructor infestation""";10.4121/13181402;4 Nov 2020;d4113a94-1c4e-4222-bce0-68e900385910;Corpse removal increases when honey bee colonies experience high Varroa destructor infestation;10.1007/s00040-020-00789-y;Article
d07dc140-696b-42f9-b28c-46e66aa04ae7;Rob2Pheno Annotated Tomato Image Dataset;10.4121/13173422;25 Feb 2021;afcc85f9-0617-43a5-a280-9f7e0b9efad2;Tomato Fruit Detection and Counting in Greenhouses Using Deep Learning;10.3389/fpls.2020.571299;Article
c9a8f12c-9484-4769-a5b1-b565f76d99bf;"Data for the article: ""Root zone soil moisture estimation with Random Forests""";10.4121/13148231;18 Dec 2020;b26d5881-68f4-4e40-9525-d7efb283e55c;Root zone soil moisture estimation with Random Forest;10.1016/j.jhydrol.2020.125840;Article
d51027de-92c5-4777-9331-48b5a3261568;Dataset for the annotations of the transcriptome of the hemp cultivar C. sativa ‘Finola’ (finola1) and the marihuana cultivar C. sativa ‘Purple Kush’;10.4121/13121885;21 Oct 2020;c30c802b-3efc-41ad-9c7b-0c54e85bd245;Genetic Architecture of Flowering Time and Sex Determination in Hemp (Cannabis sativa L.);10.3389/fpls.2020.569958;Article
d51027de-92c5-4777-9331-48b5a3261568;Dataset for the annotations of the transcriptome of the hemp cultivar C. sativa ‘Finola’ (finola1) and the marihuana cultivar C. sativa ‘Purple Kush’;10.4121/13121885;21 Oct 2020;851dd590-3a26-48ea-a4ac-2cb47c98f43f;Elucidating the Genetic Architecture of Fiber Quality in Hemp (Cannabis sativa L.) Using a Genome-Wide Association Study;10.3389/fgene.2020.566314;Article
d51027de-92c5-4777-9331-48b5a3261568;Dataset for the annotations of the transcriptome of the hemp cultivar C. sativa ‘Finola’ (finola1) and the marihuana cultivar C. sativa ‘Purple Kush’;10.4121/13121885;21 Oct 2020;376e318e-7b5d-47a2-936f-2a3af1c9637d;Novel molecular tools to uncover the genetic architecture of hemp fibre quality;10.18174/510653;internal PhD, WU
b7cea8a4-adb6-4a3a-9f72-20b13ce565b8;Data underlying the publication: Relative contributions of egg-associated and substrate-associated microorganisms to black soldier fly larval performance and microbiota;10.4121/13118294;23 Mar 2021;ac6b5066-b7b7-40f6-8562-7b6a92ca00ce;Of maggots and microbes;10.18174/542262;internal PhD, WU
b7cea8a4-adb6-4a3a-9f72-20b13ce565b8;Data underlying the publication: Relative contributions of egg-associated and substrate-associated microorganisms to black soldier fly larval performance and microbiota;10.4121/13118294;23 Mar 2021;22543438-81fe-4de2-956a-79eab4ea8c9f;Relative contributions of egg-associated and substrate-associated microorganisms to black soldier fly larval performance and microbiota;10.1093/femsec/fiab054;Article
010a5c7e-4625-423d-a706-98a5571be61e;Data from: Substrate-dependent impact of black soldier fly larvae on bacterial community composition in substrate and larval body;10.4121/13118291;28 Apr 2022;4a2e3b14-1c50-4bea-b6ac-31b508b765ca;Black Soldier Fly Larvae Influence Internal and Substrate Bacterial Community Composition Depending on Substrate Type and Larval Density;10.1128/aem.00084-22;Article
010a5c7e-4625-423d-a706-98a5571be61e;Data from: Substrate-dependent impact of black soldier fly larvae on bacterial community composition in substrate and larval body;10.4121/13118291;28 Apr 2022;ac6b5066-b7b7-40f6-8562-7b6a92ca00ce;Of maggots and microbes;10.18174/542262;internal PhD, WU
0c1dde37-d988-4637-9b86-21f476c78ac3;Data from: Energy savings in greenhouses by transition from high-pressure sodium to LED lighting;10.4121/13096403;28 Oct 2020;e4ef1400-6587-4fad-80ea-2410e559df82;Energy saving by LED lighting in greenhouses;10.18174/544434;internal PhD, WU
0c1dde37-d988-4637-9b86-21f476c78ac3;Data from: Energy savings in greenhouses by transition from high-pressure sodium to LED lighting;10.4121/13096403;28 Oct 2020;5dd0ba41-d26d-46ba-9948-1019f4865961;Energy savings in greenhouses by transition from high-pressure sodium to LED lighting;10.1016/j.apenergy.2020.116019;Article
b7711fa6-fad9-4b18-b60f-f22743013b82;Speulderbos Terrestrial (TLS) and Unmanned Aerial Vehicle Laser Scanning (UAV-LS) 2017;10.4121/13061306;10 Jul 2020;7917a3e7-40bd-46df-a122-b50637895a80;Non-destructive tree volume estimation through quantitative structure modelling: Comparing UAV laser scanning with terrestrial LIDAR;10.1016/j.rse.2019.111355;Article
b7711fa6-fad9-4b18-b60f-f22743013b82;Speulderbos Terrestrial (TLS) and Unmanned Aerial Vehicle Laser Scanning (UAV-LS) 2017;10.4121/13061306;10 Jul 2020;f844f382-bafb-4aaa-b9b9-275a308a7d71;Comparing RIEGL RiCOPTER UAV LiDAR Derived Canopy Height and DBH with Terrestrial LiDAR;10.3390/s17102371;Article
277bcb97-dd50-4aa5-82a7-ab1826548dd0;Supporting data for 'Streamflow drought: implication of drought definitions and its application for drought forecasting';10.4121/13056071;7 Oct 2020;378fcd9e-c209-4bcb-a5bb-3b16ed70a311;Streamflow drought;10.5194/hess-25-3991-2021;Article
2016b61e-a65c-4bc1-8aac-a4aa8fb82c06;"Visual counting dataset and calculations supplementary to the paper ""From source to sea: Floating macroplastic transport along the Rhine river""";10.4121/12c007a2-7ef1-43c4-9d55-948e9c0404eb;5 Apr 2023;52b7598b-9935-4e56-a6c5-2104023702c0;From source to sea;10.3389/fenvs.2023.1180872;Article
fcb98bda-a6a8-4339-b23b-915f686b9854;Data from: Impact of Yeast-Derived β-Glucans on the Porcine Gut Microbiota and Immune System in Early Life;10.4121/12999620;12 Nov 2020;bdfe332a-7fd5-4513-ae29-0d3a5eb7f24a;Impact of yeast-derived β-glucans on the porcine gut microbiota and immune system in early life;10.3390/microorganisms8101573;Article
e940281f-e8ac-4d3f-82bb-1c7f8507faea;Data from: 30 years of large river restoration: how long do restored floodplain channels remain suitable for targeted rheophilic fishes in the lower river Rhine?;10.4121/12999575;29 Sep 2020;37da5ae2-5fd4-493c-9232-597e3174c289;30 years of large river restoration: How long do restored floodplain channels remain suitable for targeted rheophilic fishes in the lower river Rhine?;10.1016/j.scitotenv.2020.142931;Article
46aa0ecb-25d4-414c-86c6-65efcd13cb65;Data underlying the publication: Chitin- and keratin-rich soil amendments suppress Rhizoctonia solani disease via changes to the soil microbial community;10.4121/12971528;25 Mar 2021;a85e667d-f94e-4877-9f0a-6273499cc02e;Chitin- and Keratin-Rich Soil Amendments Suppress Rhizoctonia solani Disease via Changes to the Soil Microbial Community;10.1128/AEM.00318-21;Article
a799f1a3-693e-4bc5-aa9d-2fcc65429515;Supporting data - Twenty years of climate policy: G20 coverage increased, but important gaps remain;10.4121/12962288;8 Oct 2021;0ac91867-2e25-4f86-a273-8906960e92d8;Twenty years of climate policy;10.1080/14693062.2021.1993776;Article
2b04e411-6ff7-4b02-88e1-5cea0c012405;Climate Policy Database;10.4121/12957986;23 Feb 2022;;;;
f99f7b85-d97c-4a21-af45-caf53b62db23;"Dataset associated to publication: ""High-rate biological selenate reduction in a sequencing batch reactor for recovery of hexagonal selenium""";10.4121/12927563;4 Feb 2021;5c3f6996-434d-456f-8da9-40bfe44de5c9;High-rate biological selenate reduction in a sequencing batch reactor for recovery of hexagonal selenium;10.1016/j.watres.2021.116855;Article
bcdf2fe7-f3d8-4c76-8a5f-98f495ad9425;NIOZ racetrack sand-shell experiment, data belonging to the paper: Sediment shell-content diminishes current-driven sand ripple development and migration;10.4121/12852113;5 Oct 2021;44de4436-7395-415a-805a-30d55470f4fe;Sediment shell-content diminishes current-driven  sand ripple development and migration;10.5194/esurf-9-1335-2021;Article
fe02ddf7-7fab-4abe-8bc3-bc9a07c7751c;Dataset of the RADseq data and genotyping from a panel of 123 hemp accessions;10.4121/12826832;7 Oct 2020;c30c802b-3efc-41ad-9c7b-0c54e85bd245;Genetic Architecture of Flowering Time and Sex Determination in Hemp (Cannabis sativa L.);10.3389/fpls.2020.569958;Article
fe02ddf7-7fab-4abe-8bc3-bc9a07c7751c;Dataset of the RADseq data and genotyping from a panel of 123 hemp accessions;10.4121/12826832;7 Oct 2020;851dd590-3a26-48ea-a4ac-2cb47c98f43f;Elucidating the Genetic Architecture of Fiber Quality in Hemp (Cannabis sativa L.) Using a Genome-Wide Association Study;10.3389/fgene.2020.566314;Article
fe02ddf7-7fab-4abe-8bc3-bc9a07c7751c;Dataset of the RADseq data and genotyping from a panel of 123 hemp accessions;10.4121/12826832;7 Oct 2020;376e318e-7b5d-47a2-936f-2a3af1c9637d;Novel molecular tools to uncover the genetic architecture of hemp fibre quality;10.18174/510653;internal PhD, WU
37fa6dfc-d5ca-47eb-8d22-08c38b124f59;Data underlying the research of: Improving forecast skill of lowland hydrological models using ensemble Kalman filter and unscented Kalman filter;10.4121/12717392;27 Feb 2020;eebc36c2-23ed-457c-ba3a-b054247f7309;Improving Forecast Skill of Lowland Hydrological Models Using Ensemble Kalman Filter and Unscented Kalman Filter;10.1029/2020WR027468;Article
3cc6c64e-b257-4f4b-aace-9d12400a5335;Supplemental data for the paper: Diffusion of hydrophilic organic micropollutants in granular activated carbon with different pore sizes;10.4121/12713642;24 Feb 2020;b486efaa-4b65-41de-a57f-b528c5281ede;Diffusion of hydrophilic organic micropollutants in granular activated carbon with different pore sizes;10.1016/j.watres.2019.06.012;Article
c608686b-561e-4355-93bf-258f1c862c64;Flow and bed morphology response to the introduction of large wood for sediment management;10.4121/12707453;6 Apr 2022;df564c61-2ee0-4c86-a44f-ee4af4e74dca;Flow and bed morphology response to the introduction of wood logs for sediment management;10.1016/j.advwatres.2019.05.023;Article
ad1f8956-bbf5-441c-84ee-93cc998504e8;Supplemental data for the paper: Biodegradation and adsorption of micropollutants by biological activated carbon from a drinking water production plant;10.4121/12705581;24 Feb 2020;72cd5b44-2f42-4759-8775-99e39bcba921;Biodegradation and adsorption of micropollutants by biological activated carbon from a drinking water production plant;10.1016/j.jhazmat.2020.122028;Article
d270fc2e-d336-41c7-a9f5-c261d7d4736f;Data underlying the experiments of CO2 capture via electrochemically mediated alkaline absorption: Lab-scale continuous operation;10.4121/126614ad-7adf-45cc-9ccc-d9ad283eed5d;8 May 2024;;;;
075b628c-6476-4ed4-aa02-0a72417279a7;Data underlying the publication: Characterisation of communities of terrestrial non-target plants (NTTPs) in field margins through a review of literature and databases;10.4121/10ffe478-bf1f-4fdd-b4be-ab3e2e95586c;9 Feb 2026;961fa93c-5f81-4be7-9261-eeca502a3321;Characterisation of communities of terrestrial non-target plants (NTTPs) in field margins through a review of literature and databases;10.18174/708427;Report
103a1079-8a8b-49bd-9203-e2ee498a58e8;Research data: Does Resource Recovery Pay Off? A Techno-Economic Evaluation of Circular Wastewater Treatment Concepts;10.4121/10c96516-38ef-4a22-832c-7d33ac5d832f;27 Feb 2026;;;;
e43d7c96-b2ed-4b6a-8e1f-8711c8e4fb26;Data underlying the moisture tracking intercomparison project INSPIRE (IdentificatioN of Sources of Precipitation through an International Research Effort);10.4121/0fb9c4e7-5596-4fec-9390-6da856bc3ba5;3 Oct 2025;181adad1-835b-40b1-bd6a-ea5de88f3a23;Moisture tracking intercomparison;10.5281/zenodo.17242977;Software
d3bfe5ae-176a-4ece-aabc-7fa5ce155256;"Data underlying the publication ""Nile crocodiles in Lake Nasser, Egypt, are found close to fishermen’s camps indicating potential conflicts""";10.4121/0e245592-63a8-47e7-b7b8-0136082caa7e;6 Jan 2025;;;;
0af46f7a-86fd-4e6c-9f42-011bbf37b39e;BIS-4D: Maps of soil properties and their uncertainties at 25 m resolution in the Netherlands;10.4121/0c934ac6-2e95-4422-8360-d3a802766c71;29 Jan 2024;1254b05a-2f44-4ffe-8fe7-794d40dacf5b;BIS-4D;10.5194/essd-16-2941-2024;Article
0af46f7a-86fd-4e6c-9f42-011bbf37b39e;BIS-4D: Maps of soil properties and their uncertainties at 25 m resolution in the Netherlands;10.4121/0c934ac6-2e95-4422-8360-d3a802766c71;29 Jan 2024;d5f18780-2257-4a67-a3d8-b28ff738a9e7;BIS-4D: Mapping soil properties and their uncertainties at 25 m resolution in the Netherlands;10.5194/essd-2024-26;Preprint
4801e4f3-3ca7-4ca4-a6dc-7d9d39f34219;"Replication Dataset for ""Dune geometry and the associated hydraulic roughness in a fluvial to tidal transition zone at low river flow""";10.4121/0c6be5a5-2294-4f16-b2ff-cb9ef4826402;6 Nov 2023;;;;
103574f5-aa57-419f-b07f-7a3e32da6bd9;Data underlying the publication: Wind- and rain-driven macroplastic mobilization and transport on land;10.4121/0be15175-28c1-44c5-a153-9d086308da6a;16 Oct 2023;5b593843-d966-48b2-acad-6adf8f5937d6;Wind- and rain-driven macroplastic mobilization and transport on land;10.21203/rs.3.rs-3452848/v1;Preprint
b91bc5ab-02c4-4686-bd17-772a3a2357e7;"Data underlying the publication ""Association of body mass index and waist circumference with long-term mortality risk in 10,370 coronary patients and potential modification by lifestyle and health determinants""";10.4121/0b66dd27-ee11-43f2-b58b-fff98463f944;28 Mar 2024;;;;
242e3660-fcc4-4a99-8db0-890b358b2250;Data underlying the publication: Effect of toasting on flavour and functionality of pulse protein concentrates;10.4121/0972cea9-c783-44f6-9e39-0676eb5912e8;17 Dec 2024;46d1e0e9-adc6-49df-b100-7539acd2756d;Effect of toasting on flavour and functionality of pulse protein concentrates;10.2139/ssrn.5860923;Preprint
dee9f4a8-7545-46f0-90a3-756f9f33c7b6;Data and models for paper 'Quantifying aquifer interaction using numerical groundwater flow model evaluated by environmental water tracer data: Application to the data-scarce area of Bandung groundwater basin, West Java, Indonesia';10.4121/0908259a-dda6-46f8-8c45-739400913333;22 Nov 2023;acfcdb34-a27c-46dc-9b38-2570872b921a;Quantifying aquifer interaction using numerical groundwater flow model evaluated by environmental water tracer data;10.1016/j.ejrh.2023.101585;Article
4c8bd55a-308a-4200-b496-f9d1de64f79d;Dataset underlying the publication: Estimating Plastic Export from Estuaries into the Sea Using a Mass-balance Model;10.4121/08735cb7-8859-4ddb-8a09-90df4d4ba1c1;27 Nov 2025;;;;
479b5d95-cc8c-4474-8cb5-4534306cec84;Data underlying the publication: Ecological selection shapes the functionality of fungal communities, the case of spontaneously fermented wine;10.4121/06ddf6c0-0e55-4129-8c0d-934ab6c3d0dd;25 Oct 2024;;;;
75f9f2bb-49f8-4488-bc92-0b0392fe893c;Data underlying the publication: Zinc absorption from maize-based meals enriched with edible house crickets: a randomized crossover stable-isotope study in Kenyan pre-school children;10.4121/06596213-fdd5-4dcd-9f39-c52f3be933b6;6 Dec 2024;a65e2f3f-f379-484c-b046-f4a4ed01275a;Zinc absorption from maize-based meals enriched with edible house crickets;10.1038/s41467-025-56259-1;Article
d615a9d9-cdbb-424f-88d6-d24d71b75160;Data Underlying: Non-Photochemical Quenching speeds up with increasing temperatures;10.4121/063b000f-0a5e-4f4e-aab5-a9bea6dc34c9;27 Oct 2025;;;;
ef344289-22e4-4342-ac94-5321034569f6;Data underlying the publication: Flood induced buttertub spill reveals riverine plastic transport dynamics;10.4121/05ba396b-90f7-460e-8f2e-b88752b1b51b;30 Jul 2024;4819ae47-bd42-4fc2-a689-f561d0367d4b;Flood-induced buttertub spill reveals riverine macroplastic transport dynamics;10.1186/s12302-024-00962-1;Article
911c4e43-a7de-4956-b8e6-682aba9d95de;Data underlying publication: Spinach Seed Microbiome Characteristics Linked to Suppressiveness Against Globisporangium ultimum Damping-Off;10.4121/03e9e2af-904e-4949-ac10-c5721fd6e0f1;13 Sep 2024;363be6c6-49a5-481e-8e7f-7b532f7debf5;Spinach Seed Microbiome Characteristics Linked to Suppressiveness Against Globisporangium ultimum Damping-Off;10.1093/femsec/fiaf004;Article
6a49625d-5262-4620-849b-a242e8692ef7;"Data underlying the publication ""Subaqueous bleaching of single-grain K-feldspar luminescence signals""";10.4121/03543625-cc1b-4650-aea3-5992f077f417;24 Apr 2024;;;;
aef57757-8047-448c-bf99-fc5cb8babadb;Data underlying the publication: Untargeted metabolomic analysis of potato seed tubers during storage;10.4121/03308b8f-dd38-4ad3-905b-bd31fa5f9880;22 Jul 2025;;;;
4d952453-4d09-4268-8304-5a1463c13b0b;Data underlying the publication: Review on effect of Green Roof Factors on Arthropods ;10.4121/0244d1f9-7aac-4187-b978-2d81f19a9c05;11 Jun 2025;6ccd1de4-a396-4108-8197-c2b9f2779d32;The development of insect diversity and ecosystem complexity on green roofs;10.1111/icad.70007;Article
96680513-a1bf-4c5e-8799-6d47f9f6eeb7;4DHydro WP5 exp 2.1 dataset wflow_sbm - Rhine River;10.4121/018b9124-ffbf-45f2-979a-7a22d465564b;19 Sep 2024;;;;
bd9a4c81-b644-43e6-a77f-eee9cf12cd65;Dataset accompanying the publication: Climate adaptive solution for artificial turf in cities: integrated rainwater storage and evaporative cooling;10.4121/0009e400-e620-45fb-8d7e-3b72a7be88bb;24 May 2024;90891266-31fb-407e-8781-1530871bdbfd;Climate adaptive solution for artificial turf in cities: integrated rainwater storage and evaporative cooling;10.3389/frsc.2024.1399858;Article
